Land size,Price per perch,District,City,Availability of electricity,Availability of tap water
20.0,1050000.0,Colombo,Moratuwa,0,0
10.5,1025000.0,Kalutara,Panadura,0,0
10.0,480000.0,Gampaha,Gampaha City,0,0
6.0,630000.0,Colombo,Homagama,0,0
10.0,500000.0,Kalutara,Horana,0,0
6.5,1140000.0,Colombo,Homagama,0,0
10.0,515000.0,Colombo,Homagama,0,0
10.0,257500.0,Colombo,Homagama,0,0
10.0,320000.0,Kalutara,Bandaragama,0,0
12.0,650000.0,Badulla,Haputale,0,0
50.0,5000000.0,Colombo,Dehiwala,0,0
15.0,4800000.0,Colombo,Mount Lavinia,0,0
10.0,200000.0,Kalutara,Kalutara City,0,0
6.5,437500.0,Colombo,Homagama,1,1
10.5,1025000.0,Colombo,Moratuwa,0,0
18.0,16111111.11,Colombo,Colombo 3,0,1
6.0,1475000.0,Colombo,Maharagama,0,0
6.5,5000000.0,Colombo,Battaramulla,0,0
12.0,320000.0,Colombo,Padukka,0,0
6.0,630000.0,Colombo,Godagama,0,0
6.5,173076.92,Colombo,Homagama,1,1
7.0,2300000.0,Colombo,Talawatugoda,0,0
12.5,215000.0,Kegalle,Kegalle City,0,0
183.0,81967.21,Kalutara,Horana,1,1
14.0,275000.0,Ratnapura,Karawita,0,0
7.0,645000.0,Colombo,Homagama,0,0
18.25,3000000.0,Colombo,Battaramulla,0,0
7.9,1590000.0,Colombo,Talawatugoda,1,1
10.0,4000000.0,Colombo,Malabe,0,0
12.5,250000.0,Colombo,Athurugiriya,0,0
13.5,425000.0,Kalutara,Panadura,0,0
13.5,3500000.0,Colombo,Malabe,0,0
100.0,78000.0,Gampaha,Mirigama,0,0
6.3,545000.0,Gampaha,Delgoda,0,0
7.0,214285.71,Hambantota,Tangalla,0,0
8.0,1750000.0,Colombo,Maharagama,0,0
6.5,230769.23,Hambantota,Tangalla,0,0
10.0,260000.0,Kalutara,Horana,0,0
20.7,7584541.06,Colombo,Dehiwala,1,0
20.0,1400000.0,Colombo,Moratuwa,0,0
58.0,1500000.0,Galle,Galle City,0,0
11.0,268181.82,Ratnapura,Embilipitiya,0,0
11.0,1050000.0,Gampaha,Gampaha City,0,0
9.6,1200000.0,Matara,Matara City,0,0
20.8,950000.0,Colombo,Athurugiriya,0,0
8.0,1695000.0,Colombo,Athurugiriya,0,0
10.0,290000.0,Ratnapura,Eheliyagoda,0,0
6.5,1500000.0,Colombo,Athurugiriya,1,1
7.0,4800000.0,Colombo,Talawatugoda,0,0
13.0,3500000.0,Colombo,Dehiwala,0,0
6.75,1090000.0,Colombo,Athurugiriya,0,0
10.0,450000.0,Ratnapura,Eheliyagoda,0,0
7.54,2200000.0,Colombo,Piliyandala,0,0
6.0,1000000.0,Colombo,Kesbewa,0,0
10.0,250000.0,Kalutara,Horana,0,0
10.0,600000.0,Colombo,Avissawella,0,0
6.0,1500000.0,Colombo,Boralesgamuwa,0,0
27.0,3800000.0,Colombo,Dehiwala,0,0
6.5,2850000.0,Colombo,Malabe,0,0
6.0,1525000.0,Gampaha,Kadawatha,0,0
7.0,1500000.0,Hambantota,Tangalla,0,0
12.6,670000.0,Gampaha,Kadawatha,0,0
10.0,450000.0,Hambantota,Hambantota City,0,0
15.0,920000.0,Gampaha,Kadawatha,0,0
10.0,650000.0,Kalutara,Panadura,0,0
10.2,833000.0,Colombo,Piliyandala,0,1
18.0,230000.0,Gampaha,Gampaha City,0,0
181.0,100000.0,Kandy,Peradeniya,1,1
2240.0,42410.71,Colombo,Avissawella,1,0
6.0,975000.0,Gampaha,Gampaha City,0,0
350.0,12857.14,Kegalle,Galigamuwa,0,0
12.5,360000.0,Gampaha,Mirigama,1,0
13.6,3000000.0,Colombo,Nugegoda,1,1
12.8,2675000.0,Colombo,Battaramulla,0,0
60.0,300000.0,Monaragala,Wellawaya,0,1
20.0,2000000.0,Colombo,Battaramulla,0,0
10.0,890000.0,Gampaha,Gampaha City,0,0
10.0,675000.0,Gampaha,Veyangoda,0,0
7.0,960000.0,Colombo,Homagama,0,0
8.0,650000.0,Colombo,Piliyandala,0,0
10.0,975000.0,Kalutara,Panadura,0,0
10.0,1295000.0,Colombo,Pannipitiya,0,0
25.0,1000000.0,Colombo,Battaramulla,0,0
75.0,2400000.0,Gampaha,Katunayake,0,0
11.0,7000000.0,Colombo,Athurugiriya,0,0
7.2,5555555.56,Colombo,Dehiwala,0,0
6.0,4750000.0,Colombo,Battaramulla,0,0
11.5,5300000.0,Kandy,Kandy City,1,1
6.0,1475000.0,Colombo,Pannipitiya,0,0
8.0,2750000.0,Colombo,Boralesgamuwa,0,0
25.0,48000.0,Colombo,Battaramulla,0,0
160.0,57500.0,Gampaha,Mirigama,0,0
10.0,1275000.0,Colombo,Talawatugoda,0,0
9.85,1275000.0,Colombo,Talawatugoda,0,0
9.0,2800000.0,Colombo,Nawala,0,0
10.0,2375000.0,Colombo,Pannipitiya,1,1
6.3,940000.0,Colombo,Homagama,1,1
10.0,700000.0,Kalutara,Kalutara City,0,0
6.0,1500000.0,Matara,Weligama,0,0
7.0,930000.0,Colombo,Homagama,1,1
16.0,230000.0,Gampaha,Minuwangoda,0,0
6.5,450000.0,Colombo,Homagama,0,0
14.2,2000000.0,Colombo,Malabe,0,0
12.5,215000.0,Badulla,Bandarawela,0,0
6.5,1200000.0,Colombo,Kesbewa,0,0
12.5,245000.0,Gampaha,Veyangoda,0,0
10.0,750000.0,Kalutara,Kalutara City,0,0
20.0,3000000.0,Colombo,Maharagama,0,0
14.0,275000.0,Ratnapura,Ratnapura City,0,0
6.3,930000.0,Colombo,Homagama,1,1
6.1,940000.0,Colombo,Homagama,1,1
7.0,650000.0,Colombo,Homagama,1,1
16.0,650000.0,Gampaha,Minuwangoda,0,0
8.0,1500000.0,Colombo,Talawatugoda,0,0
41.0,280000.0,Gampaha,Gampaha City,0,0
6.1,3500000.0,Colombo,Talawatugoda,0,0
7.0,680000.0,Colombo,Meegoda,0,0
6.4,950000.0,Colombo,Homagama,1,1
6.0,1600000.0,Colombo,Pannipitiya,1,1
8.0,680000.0,Colombo,Meegoda,0,0
12.5,215000.0,Kandy,Kandy City,0,0
15.0,160000.0,Kurunegala,Narammala,0,0
12.5,215000.0,Colombo,Nugegoda,0,0
7.0,685000.0,Colombo,Meegoda,0,0
10.0,248500.0,Colombo,Maharagama,0,0
7.0,1500000.0,Matara,Dikwella,0,0
15.0,360000.0,Gampaha,Kalagedihena,0,0
200.0,325000.0,Badulla,Ella,0,0
104.0,8000000.0,Colombo,Colombo 10,0,0
12.5,675000.0,Gampaha,Minuwangoda,0,0
12.0,865000.0,Kurunegala,Kurunegala City,0,0
15.0,247500.0,Kandy,Gampola,0,0
18.0,155555.56,Gampaha,Kirindiwela,0,0
6.5,230769.23,Kalutara,Horana,0,0
160.0,160000.0,Gampaha,Nittambuwa,1,1
19.3,2200000.0,Colombo,Battaramulla,0,0
15.0,865000.0,Kurunegala,Kurunegala City,0,0
17.0,1400000.0,Badulla,Bandarawela,0,0
8.4,3090000.0,Colombo,Battaramulla,1,1
10.0,187500.0,Colombo,Nugegoda,0,0
7.2,3090000.0,Colombo,Battaramulla,1,1
12.5,395000.0,Gampaha,Ja-Ela,0,0
12.0,3500000.0,Colombo,Moratuwa,0,0
18.0,3500000.0,Colombo,Moratuwa,0,0
7.0,1300000.0,Colombo,Athurugiriya,0,0
10.0,975000.0,Colombo,Piliyandala,1,1
7.0,6500000.0,Colombo,Moratuwa,0,0
8.5,3600000.0,Colombo,Kotte,0,0
10.0,1550000.0,Gampaha,Kirindiwela,1,1
20.75,6500000.0,Colombo,Dehiwala,0,0
6.2,2790000.0,Colombo,Battaramulla,1,1
10.0,25000.0,Colombo,Avissawella,0,0
67.0,700000.0,Colombo,Pannipitiya,0,0
10.0,3300000.0,Colombo,Talawatugoda,0,0
19.5,13000000.0,Colombo,Colombo 6,0,0
10.0,975000.0,Colombo,Pannipitiya,0,0
36.0,225000.0,Gampaha,Kalagedihena,0,0
12.5,250000.0,Gampaha,Divulapitiya,1,1
7.2,13500000.0,Colombo,Colombo 5,1,1
12.0,395000.0,Gampaha,Ja-Ela,0,0
7.5,275000.0,Matale,Dambulla,0,0
8.5,3750000.0,Colombo,Nawala,0,0
10.0,2500000.0,Colombo,Ratmalana,1,0
12.0,675000.0,Gampaha,Minuwangoda,1,1
10.0,1100000.0,Colombo,Athurugiriya,0,0
9.5,152631.58,Gampaha,Kadawatha,0,0
11.5,30000000.0,Colombo,Colombo 3,0,0
10.0,950000.0,Colombo,Moratuwa,0,0
8.2,265000.0,Hambantota,Beliatta,0,0
10.0,975000.0,Colombo,Moratuwa,0,0
10.0,350000.0,Matara,Kamburugamuwa,1,1
6.0,3500000.0,Colombo,Moratuwa,0,0
26.5,1550000.0,Galle,Galle City,0,0
10.0,1550000.0,Gampaha,Miriswatta,0,0
10.0,350000.0,Gampaha,Negombo,0,0
23.5,260000.0,Gampaha,Ja-Ela,0,0
6.0,750000.0,Kalutara,Panadura,1,1
20.0,2650000.0,Colombo,Malabe,0,0
10.0,625000.0,Kalutara,Panadura,0,0
10.0,460000.0,Gampaha,Kadawatha,0,0
6.0,700000.0,Kalutara,Panadura,1,1
20.0,180000.0,Kalutara,Bandaragama,0,0
6.1,750000.0,Kalutara,Panadura,1,1
12.0,275000.0,Colombo,Athurugiriya,0,0
38.0,450000.0,Gampaha,Kadawatha,0,0
6.3,675000.0,Kalutara,Panadura,1,1
26.65,2800000.0,Colombo,Boralesgamuwa,0,0
12.5,155000.0,Kegalle,Kegalle City,0,0
12.5,390000.0,Gampaha,Ja-Ela,0,0
12.5,6500000.0,Colombo,Dehiwala,0,0
10.0,475000.0,Colombo,Padukka,0,0
15.0,110000.0,Kurunegala,Wariyapola,0,0
6.7,625000.0,Kalutara,Panadura,1,1
6.7,700000.0,Kalutara,Panadura,1,1
6.0,1500000.0,Matara,Dikwella,0,0
10.0,187500.0,Kegalle,Kegalle City,0,0
15.0,247500.0,Kegalle,Kegalle City,0,0
7.0,2850000.0,Colombo,Boralesgamuwa,1,1
20.0,2100000.0,Gampaha,Kadawatha,0,0
15.0,150000.0,Kurunegala,Kuliyapitiya,1,0
10.0,980000.0,Colombo,Talawatugoda,1,1
12.0,1525000.0,Anuradhapura,Anuradhapura City,0,0
80.0,1000000.0,Gampaha,Negombo,0,0
10.5,1700000.0,Colombo,Malabe,0,0
10.25,3700000.0,Colombo,Dehiwala,0,0
12.0,360000.0,Gampaha,Ja-Ela,0,0
11.4,2900000.0,Colombo,Rajagiriya,0,0
12.5,675000.0,Gampaha,Minuwangoda,1,1
12.5,350000.0,Gampaha,Veyangoda,0,0
6.5,1090000.0,Colombo,Athurugiriya,0,0
6.25,1850000.0,Colombo,Kottawa,0,0
8.0,2850000.0,Colombo,Boralesgamuwa,1,1
10.0,460000.0,Kalutara,Kalutara City,0,0
10.0,485000.0,Colombo,Homagama,0,0
20.0,2600000.0,Colombo,Kottawa,0,1
15.0,195000.0,Anuradhapura,Anuradhapura City,0,0
10.5,190476.19,Gampaha,Nittambuwa,0,0
6.0,675000.0,Colombo,Homagama,0,0
7.1,1400000.0,Colombo,Boralesgamuwa,0,0
10.0,250000.0,Colombo,Athurugiriya,0,0
90.0,250000.0,Gampaha,Nittambuwa,0,0
6.0,1600000.0,Colombo,Kottawa,1,1
10.0,4000000.0,Colombo,Ratmalana,0,0
10.0,190000.0,Kalutara,Kalutara City,0,0
18.0,1800000.0,Gampaha,Kadawatha,1,1
7.0,19950000.0,Colombo,Boralesgamuwa,1,1
10.0,510000.0,Kalutara,Gonapola,0,0
10.0,1150000.0,Colombo,Boralesgamuwa,0,0
10.0,300000.0,Kalutara,Bandaragama,0,0
26.0,10000000.0,Colombo,Colombo 6,0,0
6.5,1500000.0,Hambantota,Tangalla,0,0
394.0,1000000.0,Kalutara,Wadduwa,0,1
6.15,2900000.0,Colombo,Nugegoda,1,1
25.0,275000.0,Kurunegala,Pannala,0,0
12.5,155000.0,Colombo,Maharagama,0,0
10.0,405000.0,Kalutara,Talagala,0,0
6.0,650000.0,Colombo,Meegoda,0,0
1920.0,50000.0,Matara,Matara City,1,1
10.0,297500.0,Colombo,Piliyandala,0,0
8.3,1590000.0,Colombo,Talawatugoda,1,1
22.8,5500000.0,Colombo,Battaramulla,1,1
40.0,150000.0,Kalutara,Bandaragama,0,0
1240.0,56451.61,Galle,Galle City,0,0
10.0,2200000.0,Colombo,Pannipitiya,0,0
8.25,1800000.0,Colombo,Malabe,0,0
33.0,3500001.0,Colombo,Kotte,0,0
25.0,3000000.0,Gampaha,Kadawatha,0,0
12.5,155000.0,Kurunegala,Kurunegala City,0,0
10.0,187500.0,Kandy,Kandy City,0,0
19.5,5000000.0,Colombo,Nugegoda,0,0
13.7,1450000.0,Colombo,Pannipitiya,0,0
15.0,247500.0,Kurunegala,Kurunegala City,0,0
6.0,795000.0,Colombo,Kesbewa,0,0
12.5,155000.0,Anuradhapura,Anuradhapura City,0,0
10.0,190000.0,Colombo,Hanwella,0,0
8.3,3200000.0,Colombo,Boralesgamuwa,0,0
12.0,900000.0,Gampaha,Gampaha City,0,0
7.3,1700000.0,Galle,Karapitiya,0,0
6.0,1475000.0,Colombo,Pannipitiya,1,1
17.0,3600000.0,Colombo,Nugegoda,0,0
10.0,575000.0,Matara,Kamburugamuwa,0,0
12.5,155000.0,Gampaha,Gampaha City,0,0
6.0,650000.0,Gampaha,Kadawatha,0,0
9.25,347500.0,Matara,Matara City,0,0
6.7,1385000.0,Colombo,Piliyandala,0,0
10.0,650000.0,Colombo,Avissawella,0,0
12.5,155000.0,Kandy,Kandy City,0,0
10.0,8000000.0,Colombo,Colombo 5,0,0
12.5,155000.0,Colombo,Nugegoda,0,0
10.0,495000.0,Kalutara,Horana,0,0
157.0,325000.0,Galle,Hikkaduwa,0,0
10.0,893850.0,Gampaha,Gampaha City,0,0
6.2,385000.0,Colombo,Homagama,0,0
10.0,1275000.0,Colombo,Pannipitiya,0,0
15.0,385000.0,Matara,Matara City,0,0
10.0,187500.0,Kurunegala,Kurunegala City,0,0
9.6,415625.0,Galle,Galle City,1,1
13.7,4500000.0,Colombo,Talawatugoda,0,0
17.1,2300000.0,Colombo,Boralesgamuwa,0,0
11.0,1750000.0,Colombo,Malabe,1,1
13.0,330769.23,Kurunegala,Pannala,0,0
26.61,9000000.0,Colombo,Dehiwala,0,0
16.44,2850000.0,Colombo,Battaramulla,1,1
8.0,2500000.0,Colombo,Battaramulla,0,1
6.0,1325000.0,Gampaha,Gampaha City,0,0
9.0,850000.0,Galle,Karapitiya,0,0
8.0,880000.0,Colombo,Kottawa,0,0
7.0,650000.0,Gampaha,Kadawatha,0,0
7.8,384615.38,Gampaha,Kadawatha,0,0
10.0,2500000.0,Colombo,Boralesgamuwa,0,0
37.77,3500000.0,Colombo,Kottawa,0,0
10.0,460000.0,Gampaha,Gampaha City,0,0
8.8,1150000.0,Colombo,Boralesgamuwa,0,0
12.0,75000.0,Gampaha,Gampaha City,0,0
915.0,2500000.0,Gampaha,Negombo,1,1
9.5,1900000.0,Colombo,Ratmalana,0,0
6.3,650000.0,Gampaha,Kadawatha,0,0
10.0,900000.0,Gampaha,Gampaha City,0,0
10.0,900000.0,Gampaha,Kadawatha,0,0
223.0,900000.0,Gampaha,Negombo,0,1
11.3,1575000.0,Gampaha,Kiribathgoda,1,0
13.0,1600000.0,Colombo,Homagama,0,0
108.0,90000.0,Kalutara,Horana,1,1
10.85,800000.0,Gampaha,Ja-Ela,0,0
10.0,570000.0,Colombo,Kesbewa,0,0
6.2,645000.0,Colombo,Homagama,0,0
10.0,248500.0,Kandy,Kandy City,0,0
7.4,1250000.0,Colombo,Moratuwa,0,0
10.0,550000.0,Colombo,Kesbewa,0,0
11.0,1350000.0,Colombo,Talawatugoda,0,0
10.6,1850000.0,Colombo,Malabe,0,0
12.0,2093.75,Colombo,Godagama,0,0
8.0,995000.0,Colombo,Homagama,0,0
109.0,59633.03,Kurunegala,Kurunegala City,0,0
10.0,1225000.0,Colombo,Athurugiriya,0,0
10.0,248500.0,Anuradhapura,Anuradhapura City,0,0
6.5,1175000.0,Colombo,Piliyandala,0,0
9.0,850000.0,Galle,Galle City,0,0
6.0,1075000.0,Colombo,Piliyandala,0,1
10.0,225000.0,Matale,Matale City,0,0
70.0,1000000.0,Gampaha,Ganemulla,0,0
8.33,795000.0,Gampaha,Kadawatha,0,0
10.0,1900000.0,Colombo,Malabe,0,0
7.5,5000000.0,Colombo,Mount Lavinia,0,0
15.0,345000.0,Galle,Galle City,0,0
7.5,5000000.0,Colombo,Ratmalana,0,0
13.5,850000.0,Gampaha,Seeduwa,0,0
33.0,3500000.0,Colombo,Kotte,0,0
17.0,2200000.0,Gampaha,Kelaniya,0,0
15.0,200000.0,Gampaha,Gampaha City,0,0
14.35,16000000.0,Colombo,Colombo 2,0,0
10.0,570000.0,Kalutara,Bandaragama,0,0
12.5,2650000.0,Colombo,Athurugiriya,0,0
10.0,248500.0,Colombo,Colombo 1,0,0
8.0,675000.0,Colombo,Meegoda,0,0
14.0,690000.0,Kalutara,Panadura,0,0
66.5,270676.69,Kurunegala,Kuliyapitiya,0,0
10.0,475000.0,Gampaha,Kalagedihena,0,0
32.0,281250.0,Puttalam,Dankotuwa,0,0
15.0,440000.0,Galle,Galle City,1,1
100.0,4200000.0,Colombo,Colombo 15,0,0
20.0,1900000.0,Colombo,Battaramulla,0,0
17.8,500000.0,Gampaha,Kadawatha,0,0
8.2,800000.0,Colombo,Piliyandala,0,0
9.0,1850000.0,Colombo,Boralesgamuwa,0,0
12.5,1600000.0,Colombo,Colombo 1,1,0
7.0,351428.57,Matara,Kekanadurra,0,0
28.3,8840000.0,Colombo,Nawala,0,0
10.0,350000.0,Kalutara,Bandaragama,0,0
50.0,150000.0,Hambantota,Tangalla,0,0
15.5,2800000.0,Colombo,Battaramulla,0,0
6.75,1088888.89,Colombo,Athurugiriya,0,0
11.0,400000.0,Hambantota,Beliatta,1,1
10.0,400000.0,Colombo,Meegoda,0,0
7.5,1090000.0,Colombo,Athurugiriya,0,0
6.5,1225000.0,Gampaha,Gampaha City,0,0
6.0,585000.0,Gampaha,Kadawatha,0,0
7.0,1600000.0,Colombo,Talawatugoda,0,0
6.0,1300000.0,Colombo,Malabe,0,0
7.0,475000.0,Gampaha,Ja-Ela,0,0
12.0,675000.0,Gampaha,Mawaramandiya,1,1
6.0,1875000.0,Gampaha,Kiribathgoda,0,0
12.5,520000.0,Gampaha,Veyangoda,0,0
10.0,60000.0,Kalutara,Bandaragama,0,0
10.0,510000.0,Gampaha,Kalagedihena,0,0
7.3,1150000.0,Colombo,Homagama,0,0
15.0,3000000.0,Matara,Dikwella,0,0
17.8,22.47,Gampaha,Katunayake,0,0
7.0,16750000.0,Colombo,Talawatugoda,0,0
7.0,4800000.0,Colombo,Battaramulla,0,0
7.0,1350000.0,Colombo,Athurugiriya,0,0
23.0,565217.39,Matara,Matara City,0,0
48.5,850000.0,Gampaha,Seeduwa,0,0
10.0,650000.0,Colombo,Homagama,0,0
15.0,1500000.0,Galle,Galle City,0,0
18.5,280000.0,Gampaha,Gampaha City,0,0
9.8,1275000.0,Colombo,Talawatugoda,0,0
6.5,620000.0,Gampaha,Kadawatha,0,0
10.75,2800000.0,Colombo,Dehiwala,0,0
800.0,7500.0,Monaragala,Monaragala City,0,0
16.0,1050000.0,Gampaha,Kandana,0,0
10.5,2050000.0,Colombo,Boralesgamuwa,1,1
15.0,2800000.0,Colombo,Battaramulla,0,0
7.25,1450000.0,Colombo,Kaduwela,0,0
7.0,980000.0,Gampaha,Kadawatha,0,0
9.22,16.27,Kalutara,Kalutara City,0,0
7.25,1450000.0,Colombo,Malabe,0,0
7.2,7916666.67,Colombo,Colombo 5,1,0
16.0,450000.0,Gampaha,Gampaha City,0,0
6.0,1550000.0,Colombo,Piliyandala,0,0
10.0,2100000.0,Colombo,Maharagama,0,0
12.5,450000.0,Gampaha,Gampaha City,0,0
14.4,3150000.0,Colombo,Battaramulla,1,1
7.0,1950000.0,Gampaha,Wattala,0,0
8.0,2200000.0,Colombo,Pannipitiya,0,0
11.8,4000000.0,Colombo,Dehiwala,1,1
13.5,4800000.0,Colombo,Nugegoda,0,0
6.5,2300000.0,Colombo,Malabe,0,0
10.0,250000.0,Anuradhapura,Anuradhapura City,0,0
12.0,3200000.0,Colombo,Maharagama,0,0
30.0,2900000.0,Colombo,Battaramulla,0,0
28.0,2950000.0,Colombo,Nugegoda,1,1
14.0,1900000.0,Colombo,Talawatugoda,0,0
17.5,1150000.0,Colombo,Pannipitiya,0,0
16.0,1450000.0,Gampaha,Kelaniya,0,0
9.7,2375000.0,Colombo,Boralesgamuwa,0,0
10.0,1800000.0,Colombo,Malabe,0,0
6.0,2000000.0,Colombo,Pannipitiya,0,0
10.0,2000000.0,Colombo,Malabe,0,0
7.41,2100000.0,Colombo,Pannipitiya,0,0
20.0,110000.0,Kurunegala,Wariyapola,0,0
37.0,1750000.0,Colombo,Pannipitiya,0,0
56.0,1300000.0,Colombo,Kaduwela,0,0
16.0,5500000.0,Colombo,Rajagiriya,0,0
8.0,2000000.0,Colombo,Battaramulla,0,0
12.0,2000000.0,Colombo,Pannipitiya,0,0
7.4,2100000.0,Colombo,Talawatugoda,0,0
7.5,2300000.0,Colombo,Malabe,0,0
490.0,79591.84,Matara,Hakmana,0,0
9.0,1600000.0,Colombo,Pannipitiya,0,0
10.0,495000.0,Gampaha,Veyangoda,0,0
25.0,80000.0,Kalutara,Alutgama,0,0
14.3,1820000.0,Colombo,Talawatugoda,0,0
14.0,1650000.0,Colombo,Malabe,0,0
20.0,8000000.0,Colombo,Dehiwala,0,0
20.0,350000.0,Gampaha,Gampaha City,0,0
30.0,530000.0,Gampaha,Gampaha City,0,0
23.5,850000.0,Gampaha,Kadawatha,0,0
20.0,1950000.0,Colombo,Pannipitiya,0,0
120.0,37500.0,Jaffna,Jaffna City,0,0
20.0,240000.0,Hambantota,Beliatta,0,0
12.5,250000.0,Kurunegala,Alawwa,0,0
12.5,475000.0,Kurunegala,Kurunegala City,0,0
8.0,1675000.0,Colombo,Athurugiriya,0,0
13.0,220000.0,Kalutara,Alutgama,0,0
10.0,390000.0,Gampaha,Minuwangoda,0,0
15.75,390000.0,Gampaha,Gampaha City,0,0
9.56,695000.0,Gampaha,Kadawatha,0,0
13.0,365000.0,Gampaha,Ja-Ela,0,0
10.0,220000.0,Kalutara,Alutgama,0,0
10.0,675000.0,Gampaha,Minuwangoda,0,0
10.0,450000.0,Hambantota,Tangalla,0,0
1600.0,55000.0,Kurunegala,Alawwa,1,1
800.0,35000.0,Gampaha,Mirigama,1,1
15.0,700000.0,Colombo,Athurugiriya,0,0
6.5,475000.0,Colombo,Homagama,1,1
23.0,1150000.0,Colombo,Piliyandala,0,0
7.0,1950000.0,Colombo,Pannipitiya,1,1
10.0,890000.0,Gampaha,Gonawala,0,0
12.0,675000.0,Gampaha,Minuwangoda,0,0
10.0,975000.0,Colombo,Homagama,0,0
13.7,2400000.0,Colombo,Nugegoda,0,0
6.5,1120000.0,Colombo,Homagama,0,0
13.0,330000.0,Colombo,Padukka,0,0
27.0,750000.0,Gampaha,Gampaha City,0,0
6.5,1137500.0,Colombo,Homagama,0,0
9.0,833333.33,Colombo,Piliyandala,0,1
15.0,660000.0,Gampaha,Ganemulla,0,0
24.0,1625000.0,Gampaha,Gampaha City,0,0
6.5,1500000.0,Matara,Dikwella,0,0
15.8,1450000.0,Gampaha,Ja-Ela,1,1
10.0,275000.0,Gampaha,Kadawatha,0,0
10.0,375000.0,Colombo,Hanwella,0,0
7.0,1100000.0,Colombo,Kotikawatta,0,0
6.0,2800000.0,Colombo,Mount Lavinia,0,0
6.65,5000000.0,Colombo,Battaramulla,0,0
28.0,1800000.0,Gampaha,Gampaha City,1,1
80.0,85000.0,Gampaha,Negombo,0,1
91.0,87912.09,Gampaha,Negombo,0,0
10.0,262500.0,Colombo,Homagama,0,0
13.7,2500000.0,Colombo,Nugegoda,0,0
7.0,300000.0,Galle,Galle City,0,0
16.0,4000000.0,Colombo,Mount Lavinia,0,0
26.0,2050000.0,Colombo,Homagama,0,0
10.0,53750.0,Colombo,Homagama,0,0
12.0,390000.0,Gampaha,Ja-Ela,0,0
6.0,895000.0,Colombo,Piliyandala,0,0
18.0,1000000.0,Gampaha,Gampaha City,0,0
7.0,4571428.57,Matara,Dikwella,0,0
8.0,1650000.0,Colombo,Athurugiriya,0,0
8.45,395000.0,Colombo,Homagama,0,0
2.5,3600000.0,Polonnaruwa,Polonnaruwa City,0,0
10.0,385000.0,Colombo,Homagama,0,0
1920.0,32031.25,Kalutara,Meegahathenna,0,0
6.5,250000.0,Colombo,Homagama,0,0
10.0,7250000.0,Gampaha,Kadawatha,0,0
10.0,185000.0,Colombo,Homagama,0,0
6.0,600000.0,Badulla,Badulla City,0,0
11.0,1200000.0,Galle,Karapitiya,1,1
360.0,41666.67,Kurunegala,Wariyapola,0,0
8.8,1600000.0,Colombo,Kottawa,0,0
12.0,220000.0,Kalutara,Alutgama,0,0
100.0,300000.0,Gampaha,Gampaha City,0,0
14.85,3400000.0,Colombo,Battaramulla,0,0
74.0,64864.86,Kurunegala,Wariyapola,0,1
6.0,900000.0,Colombo,Athurugiriya,0,0
11.0,13000000.0,Colombo,Colombo 6,0,0
50.0,5900000.0,Colombo,Mount Lavinia,0,0
18.78,1495000.0,Colombo,Kesbewa,0,0
15.6,12000000.0,Colombo,Colombo 8,0,0
800.0,150000.0,Ampara,Arugam Bay,1,0
960.0,37500.0,Kurunegala,Wariyapola,0,0
10.0,1600000.0,Gampaha,Wattala,0,0
20.0,5000000.0,Colombo,Nugegoda,0,0
38.4,3950000.0,Colombo,Dehiwala,0,0
17.05,1100000.0,Gampaha,Kadawatha,0,0
12.0,3000000.0,Colombo,Kotte,0,0
10.0,975000.0,Colombo,Piliyandala,0,0
800.0,10625.0,Monaragala,Kataragama,0,0
13.0,6000000.0,Colombo,Boralesgamuwa,0,0
41.0,2000000.0,Colombo,Malabe,0,0
11.75,2295000.0,Colombo,Kotte,1,1
11.0,4900000.0,Colombo,Mount Lavinia,0,0
33.0,5000000.0,Colombo,Battaramulla,0,0
237.0,325000.0,Kalutara,Kalutara City,0,0
15.0,3500000.0,Colombo,Colombo 9,0,0
7.0,1742857.14,Colombo,Malabe,1,1
20.0,1250000.0,Colombo,Piliyandala,0,0
10.0,1390000.0,Colombo,Pannipitiya,0,0
8.0,850000.0,Colombo,Athurugiriya,0,0
25.0,3500000.0,Colombo,Colombo 9,0,0
10.0,415000.0,Kurunegala,Kurunegala City,0,0
10.0,130000.0,Kegalle,Galigamuwa,0,0
19.65,6000000.0,Colombo,Battaramulla,0,0
12.0,390000.0,Gampaha,Ja-Ela,1,0
7.0,995000.0,Colombo,Homagama,0,0
6.0,5500000.0,Colombo,Nawala,0,0
44.25,5800000.0,Colombo,Mount Lavinia,0,0
6.0,685000.0,Colombo,Meegoda,0,0
30.0,100000.0,Kurunegala,Kurunegala City,1,0
63.8,160000.0,Hambantota,Tangalla,0,0
43.0,1600000.0,Gampaha,Kiribathgoda,0,0
23.0,2600000.0,Colombo,Maharagama,0,0
11.5,675000.0,Gampaha,Minuwangoda,1,1
19.5,900000.0,Colombo,Athurugiriya,0,0
10.0,127500.0,Kegalle,Galigamuwa,0,0
13.3,4000000.0,Colombo,Kohuwala,0,0
10.0,170000.0,Kegalle,Galigamuwa,0,0
30.0,200000.0,Gampaha,Veyangoda,0,0
12.0,2850000.0,Colombo,Talawatugoda,0,0
10.0,133450.0,Kegalle,Galigamuwa,0,0
40.0,7000000.0,Colombo,Nugegoda,0,0
25.5,5500000.0,Colombo,Rajagiriya,0,0
15.0,2500000.0,Colombo,Talawatugoda,0,0
19.5,2500000.0,Colombo,Talawatugoda,0,0
6.5,230769.23,Hambantota,Tangalla,1,1
32.0,4900000.0,Colombo,Nugegoda,0,0
40.0,1250000.0,Colombo,Kottawa,0,0
13.65,3000000.0,Colombo,Maharagama,0,0
27.7,22500000.0,Colombo,Colombo 3,0,0
25.0,6000000.0,Colombo,Kottawa,0,0
36.0,4000000.0,Colombo,Kotte,0,0
10.0,1550000.0,Gampaha,Kiribathgoda,0,0
6.0,6500000.0,Colombo,Colombo 5,0,0
40.0,5000000.0,Colombo,Battaramulla,0,1
23.0,1100000.0,Colombo,Moratuwa,0,0
10.0,2650000.0,Colombo,Athurugiriya,0,0
15.0,78333.33,Gampaha,Kalagedihena,0,0
8.0,1695000.0,Colombo,Athurugiriya,1,1
10.0,250000.0,Colombo,Padukka,1,1
13.75,4000000.0,Colombo,Piliyandala,0,0
75.0,160000.0,Kandy,Kandy City,0,0
10.0,297500.0,Colombo,Pannipitiya,0,0
19.0,1275000.0,Gampaha,Kalagedihena,0,0
46.0,310000.0,Kurunegala,Kurunegala City,0,0
12.5,215000.0,Colombo,Kottawa,0,0
38.0,350000.0,Colombo,Piliyandala,0,0
10.5,1050000.0,Colombo,Moratuwa,0,0
15.0,1150000.0,Colombo,Malabe,0,0
2720.0,37500.0,Kegalle,Kegalle City,0,1
20.0,2800000.0,Colombo,Rajagiriya,0,0
184.0,65000000.0,Kalutara,Bandaragama,0,0
65.0,635000.0,Galle,Galle City,0,0
16.5,575757.58,Kurunegala,Wariyapola,0,0
560.0,650000.0,Colombo,Avissawella,0,0
18.5,2500000.0,Colombo,Talawatugoda,0,0
18.5,3900000.0,Colombo,Dehiwala,1,1
10.0,3600000.0,Colombo,Kotte,0,0
11.2,17000000.0,Kalutara,Wadduwa,0,1
29.0,7000000.0,Colombo,Battaramulla,0,0
20.5,595000.0,Kalutara,Panadura,1,1
60.0,350000.0,Kurunegala,Kuliyapitiya,0,0
37.5,1200000.0,Kalutara,Horana,0,0
165.0,225000.0,Kurunegala,Kurunegala City,0,0
102.0,1000000.0,Kalutara,Wadduwa,0,0
27.0,592592.59,Hambantota,Hambantota City,1,1
200.0,2000000.0,Galle,Galle City,0,0
200.0,60000.0,Kurunegala,Wariyapola,0,0
44.0,1400000.0,Colombo,Malabe,0,0
6.0,2850000.0,Colombo,Talawatugoda,0,0
800.0,93750.0,Badulla,Haputale,0,0
28.3,4500000.0,Colombo,Dehiwala,0,0
10.0,1300000.0,Colombo,Polgasowita,0,0
24.0,225000.0,Colombo,Padukka,0,0
14.0,5750000.0,Colombo,Kotte,0,0
11.86,900000.0,Colombo,Piliyandala,0,1
12.0,225000.0,Colombo,Padukka,0,0
50.0,720000.0,Jaffna,Jaffna City,0,0
13.6,198500.0,Gampaha,Mirigama,0,0
480.0,93750.0,Kurunegala,Kurunegala City,0,0
15.3,1400000.0,Colombo,Pannipitiya,0,0
10.0,880000.0,Gampaha,Gampaha City,0,0
11.5,2200000.0,Colombo,Nugegoda,0,0
300.0,120000.0,Jaffna,Jaffna City,0,0
10.0,500000.0,Gampaha,Kalagedihena,0,0
10.0,410000.0,Kurunegala,Mawathagama,0,0
160.0,40625.0,Kurunegala,Wariyapola,0,1
15.0,2000000.0,Colombo,Maharagama,1,0
200.0,160000.0,Jaffna,Jaffna City,0,0
10.0,187500.0,Kandy,Katugastota,0,0
15.0,3000000.0,Matara,Weligama,0,0
6.5,1250000.0,Gampaha,Gampaha City,0,0
19.4,3000000.0,Colombo,Maharagama,1,1
12.5,490000.0,Gampaha,Veyangoda,0,0
6.0,650000.0,Gampaha,Delgoda,0,0
10.0,680000.0,Colombo,Homagama,0,0
19.0,147368.42,Gampaha,Kirindiwela,0,0
43.14,92721.37,Batticaloa,Batticaloa City,0,0
79.0,6000000.0,Colombo,Colombo 5,0,0
19.3,300000.0,Kurunegala,Kurunegala City,0,0
40.0,2900000.0,Colombo,Rajagiriya,1,1
12.0,385000.0,Gampaha,Ja-Ela,0,0
6720.0,125000.0,Gampaha,Katunayake,1,1
21.0,1400000.0,Colombo,Moratuwa,0,0
15.0,600000.0,Gampaha,Wattala,0,0
13.0,675000.0,Gampaha,Minuwangoda,0,0
18.5,3500000.0,Colombo,Kotte,0,0
6.9,17500000.0,Colombo,Colombo 3,0,0
15.0,1900000.0,Colombo,Piliyandala,0,0
17.75,1450000.0,Colombo,Malabe,0,0
18.0,3600000.0,Colombo,Kotte,0,0
45.0,2300000.0,Colombo,Moratuwa,1,1
8.0,2400000.0,Colombo,Maharagama,0,0
171.0,3000000.0,Matara,Weligama,0,0
19.0,2500000.0,Colombo,Maharagama,0,0
7.3,1700000.0,Galle,Galle City,0,0
22.48,275000.0,Galle,Ambalangoda,1,1
10.0,425000.0,Matara,Matara City,0,0
135.0,350000.0,Gampaha,Gampaha City,0,0
20.0,5750000.0,Colombo,Homagama,0,1
12.5,3800000.0,Colombo,Maharagama,0,0
11.0,1950000.0,Colombo,Piliyandala,1,1
640.0,62500.0,Kalutara,Horana,0,0
10.8,21000000.0,Colombo,Colombo 4,0,0
25.0,220000.0,Gampaha,Mirigama,0,0
12.5,120000.0,Kurunegala,Giriulla,0,0
12.5,155000.0,Kandy,Gampola,0,0
29.0,2344827.59,Colombo,Ratmalana,0,0
12.5,485000.0,Gampaha,Minuwangoda,1,1
10.0,755000.0,Colombo,Athurugiriya,1,1
11.0,650000.0,Colombo,Athurugiriya,0,0
8.6,750000.0,Colombo,Piliyandala,0,0
7.5,825000.0,Colombo,Piliyandala,0,0
14.82,4850000.0,Colombo,Dehiwala,0,0
12.5,265000.0,Kandy,Peradeniya,0,0
15.0,247500.0,Colombo,Battaramulla,0,0
12.5,265000.0,Kandy,Gampola,0,0
13.0,2500000.0,Colombo,Boralesgamuwa,0,0
20.0,230000.0,Kalutara,Wadduwa,0,0
25.0,2250000.0,Colombo,Piliyandala,0,0
40.0,2350000.0,Colombo,Malabe,1,0
10.75,4400000.0,Colombo,Nugegoda,0,0
8.45,1704142.01,Colombo,Malabe,0,0
7.5,3700000.0,Colombo,Dehiwala,0,0
10.0,600000.0,Colombo,Kaduwela,0,0
20.0,2950000.0,Colombo,Nugegoda,1,1
16.0,3125000.0,Colombo,Kaduwela,0,0
22.64,130000.0,Colombo,Hanwella,0,0
50.0,2700000.0,Colombo,Talawatugoda,1,1
15.0,3450000.0,Colombo,Battaramulla,1,1
6.5,3200000.0,Colombo,Dehiwala,0,1
24.5,2475000.0,Colombo,Nugegoda,1,1
9.4,315000.0,Matara,Kekanadurra,0,0
15.85,11000000.0,Colombo,Nawala,1,1
140.0,3000000.0,Gampaha,Negombo,0,0
40.0,7700000.0,Colombo,Nugegoda,1,1
10.0,650000.0,Kalutara,Bandaragama,0,0
10.0,1295000.0,Colombo,Malabe,1,1
25.0,380000.0,Colombo,Homagama,0,0
80.0,87500.0,Matale,Dambulla,0,0
32.5,4200000.0,Colombo,Nawala,0,0
6.5,1750000.0,Gampaha,Gampaha City,0,0
16.0,135000.0,Kalutara,Horana,0,0
9.36,4200000.0,Colombo,Nawala,0,0
6.4,3600000.0,Colombo,Battaramulla,1,1
20.0,1050000.0,Jaffna,Jaffna City,0,0
6.9,1623188.41,Colombo,Athurugiriya,0,0
15.0,285000.0,Gampaha,Minuwangoda,0,0
11.5,365217.39,Gampaha,Negombo,0,0
15.0,1150000.0,Colombo,Piliyandala,1,1
15.0,3700000.0,Colombo,Nugegoda,0,0
16.0,3600000.0,Colombo,Battaramulla,0,0
10.0,187500.0,Colombo,Colombo 3,0,0
20.0,4800000.0,Colombo,Nawala,0,0
25.0,4800000.0,Colombo,Kottawa,0,0
12.0,2200000.0,Colombo,Kotte,0,0
13.5,3100000.0,Colombo,Nugegoda,0,0
20.0,5300000.0,Colombo,Nawala,0,0
40.0,1550000.0,Colombo,Talawatugoda,0,0
8.7,7800000.0,Colombo,Colombo 5,0,0
14.0,7700000.0,Colombo,Dehiwala,0,0
12.4,6300000.0,Colombo,Colombo 8,0,0
6.0,635000.0,Colombo,Homagama,0,0
20.0,2000000.0,Colombo,Pannipitiya,0,0
10.0,248500.0,Colombo,Dehiwala,0,0
20.0,7000000.0,Colombo,Colombo 5,0,0
181.0,130000.0,Kalutara,Matugama,1,1
11.0,1550000.0,Colombo,Malabe,0,0
12.15,3500000.0,Colombo,Battaramulla,0,0
13.65,2900000.0,Colombo,Nugegoda,0,0
6.5,1300000.0,Colombo,Athurugiriya,0,0
64.0,2600000.0,Colombo,Battaramulla,0,0
15.0,155000.0,Kurunegala,Narammala,0,0
80.0,285000.0,Kurunegala,Kurunegala City,0,0
6.5,1900000.0,Colombo,Moratuwa,0,0
6.0,4500000.0,Colombo,Nawala,0,0
12.0,1700000.0,Gampaha,Kadawatha,0,0
27.0,690000.0,Gampaha,Gampaha City,0,0
40.0,160000.0,Nuwara Eliya,Hatton,0,0
6.0,1300000.0,Gampaha,Gampaha City,1,1
9.2,5434782.61,Colombo,Colombo 7,0,1
5.0,3400000.0,Jaffna,Jaffna City,0,0
20.0,575000.0,Badulla,Ella,0,0
15.0,133333.33,Kurunegala,Polgahawela,0,0
8.25,1100000.0,Colombo,Malabe,0,0
10.0,1600000.0,Colombo,Athurugiriya,0,0
10.5,1400000.0,Colombo,Athurugiriya,0,0
97.52,175000.0,Gampaha,Mirigama,0,0
13.27,14000000.0,Colombo,Colombo 4,0,0
10.0,1300000.0,Colombo,Kesbewa,0,0
7.5,1400000.0,Colombo,Kottawa,0,0
6.0,1200000.0,Gampaha,Gampaha City,1,1
8.0,1300000.0,Gampaha,Gampaha City,1,1
480.0,300000.0,Colombo,Meegoda,0,0
15.0,260000.0,Gampaha,Nittambuwa,0,0
13.2,160000.0,Gampaha,Dompe,0,0
8.0,800000.0,Colombo,Piliyandala,0,0
10.0,352000.0,Kalutara,Kalutara City,0,0
17.86,1231802.91,Gampaha,Kelaniya,0,0
36.0,2000000.0,Colombo,Moratuwa,0,0
147.0,149659.86,Kalutara,Horana,0,0
10.0,690000.0,Kalutara,Panadura,0,0
10.0,700000.0,Colombo,Meegoda,0,0
12.7,670000.0,Gampaha,Kadawatha,0,0
10.5,975000.0,Colombo,Moratuwa,0,0
11.0,570000.0,Kalutara,Bandaragama,0,0
8.5,755000.0,Colombo,Talawatugoda,1,1
19440.0,37500.0,Kurunegala,Kurunegala City,0,0
6.2,1225806.45,Gampaha,Gampaha City,0,0
12.5,360000.0,Gampaha,Minuwangoda,0,0
7.0,880000.0,Colombo,Kottawa,0,0
53.5,2500000.0,Colombo,Malabe,0,0
7.8,610000.0,Kalutara,Panadura,1,1
91.0,750000.0,Kalutara,Kalutara City,0,0
32.0,1031250.0,Colombo,Maharagama,0,0
6.5,610000.0,Kalutara,Panadura,1,1
12.5,240000.0,Colombo,Nugegoda,0,0
10.0,896000.0,Gampaha,Gampaha City,0,0
11.0,200000.0,Kurunegala,Kurunegala City,0,0
200.0,60000.0,Colombo,Avissawella,1,1
7.0,700000.0,Colombo,Meegoda,0,0
18.0,5000000.0,Colombo,Nugegoda,0,0
7.15,1500000.0,Colombo,Boralesgamuwa,0,0
6.0,610000.0,Kalutara,Panadura,1,1
22.0,1600000.0,Colombo,Moratuwa,0,0
8.0,675000.0,Kalutara,Panadura,1,1
12.5,265500.0,Gampaha,Kadawatha,0,0
7.7,675000.0,Kalutara,Panadura,1,1
8.5,3950000.0,Colombo,Kotte,0,0
12.0,865000.0,Kurunegala,Kurunegala City,0,1
10.0,248500.0,Gampaha,Kiribathgoda,0,0
10.0,2850000.0,Colombo,Kotte,0,0
20.25,5000000.0,Colombo,Nugegoda,0,0
10.0,3100000.0,Colombo,Boralesgamuwa,0,0
53.5,1900000.0,Colombo,Malabe,0,0
17.0,4500000.0,Colombo,Nugegoda,0,0
10.8,2650000.0,Colombo,Athurugiriya,0,0
10.0,248500.0,Colombo,Piliyandala,0,0
9.45,4200000.0,Colombo,Dehiwala,0,0
15.0,195000.0,Kandy,Kandy City,0,0
10.0,480000.0,Kandy,Kandy City,0,0
8.1,2200000.0,Colombo,Talawatugoda,0,0
27.31,4000000.0,Colombo,Nugegoda,0,0
10.0,187500.0,Gampaha,Gampaha City,0,0
20.0,2850000.0,Colombo,Talawatugoda,0,0
15.0,587500.0,Matale,Dambulla,0,0
10.9,350000.0,Anuradhapura,Anuradhapura City,0,0
3200.0,160000.0,Hambantota,Hambantota City,0,0
7.0,1350000.0,Colombo,Malabe,0,0
12.0,335000.0,Colombo,Godagama,0,0
10.0,600000.0,Kalutara,Bandaragama,0,0
27.0,150000.0,Kalutara,Alutgama,1,1
10.0,700000.0,Kalutara,Panadura,1,1
23.7,2500000.0,Colombo,Nugegoda,0,0
7.0,5000000.0,Colombo,Battaramulla,0,0
16.0,1900000.0,Colombo,Pannipitiya,0,0
12.5,215000.0,Gampaha,Kadawatha,0,0
6.0,18750000.0,Gampaha,Wattala,0,0
15.2,1400000.0,Colombo,Moratuwa,1,0
7.0,2850000.0,Colombo,Talawatugoda,0,0
10.0,187500.0,Anuradhapura,Anuradhapura City,0,0
12.8,5500000.0,Colombo,Nugegoda,0,0
20.0,2500000.0,Colombo,Malabe,0,1
20.0,125000.0,Kandy,Peradeniya,0,0
13.5,4000000.0,Colombo,Nugegoda,0,0
6.0,1090000.0,Colombo,Athurugiriya,0,0
10.75,320000.0,Colombo,Padukka,0,0
13.5,5700000.0,Colombo,Colombo 5,0,0
10.0,510000.0,Gampaha,Gampaha City,0,0
7.0,1700000.0,Galle,Karapitiya,0,0
21.0,9523809.52,Colombo,Rajagiriya,0,0
13.6,215000.0,Gampaha,Mirigama,0,0
10.0,560000.0,Gampaha,Gampaha City,0,0
10.0,350000.0,Colombo,Avissawella,0,0
800.0,43750.0,Matale,Dambulla,0,0
20.0,280000.0,Gampaha,Minuwangoda,0,0
7.0,950000.0,Matara,Matara City,0,0
10.0,950000.0,Colombo,Piliyandala,0,0
21.3,2.96,Anuradhapura,Tambuttegama,1,0
8.0,2450000.0,Colombo,Boralesgamuwa,0,0
16.4,237804.88,Colombo,Talawatugoda,0,0
17.5,110000.0,Kurunegala,Wariyapola,0,0
10.0,750000.0,Gampaha,Kadawatha,0,0
6.5,1175000.0,Colombo,Polgasowita,1,1
19.0,550000.0,Colombo,Homagama,0,0
19.0,15000000.0,Colombo,Colombo 7,0,0
10.0,865000.0,Gampaha,Kadawatha,0,0
10.0,375000.0,Matara,Kekanadurra,0,0
10.0,1100000.0,Colombo,Athurugiriya,1,1
11.0,3300000.0,Colombo,Kottawa,1,1
12.0,541666.67,Gampaha,Kadawatha,0,0
40.0,400000.0,Colombo,Meegoda,0,0
6.5,1350000.0,Colombo,Polgasowita,1,1
13.5,1850000.0,Colombo,Piliyandala,0,0
8.9,1875000.0,Colombo,Piliyandala,0,0
6.5,1425000.0,Colombo,Kottawa,1,1
11.1,2460000.0,Colombo,Talawatugoda,0,0
12.5,950000.0,Colombo,Piliyandala,0,0
6.5,1475000.0,Colombo,Kottawa,1,1
26.5,2800000.0,Colombo,Kohuwala,0,0
7.0,642857.14,Colombo,Homagama,0,0
7.0,720000.0,Colombo,Homagama,0,0
19.5,87179.49,Colombo,Battaramulla,0,1
6.5,655000.0,Colombo,Homagama,0,0
11.0,2450000.0,Colombo,Kotte,0,0
10.5,695000.0,Colombo,Godagama,0,0
12.5,1850000.0,Colombo,Piliyandala,1,1
10.0,1650000.0,Colombo,Malabe,1,1
7.0,2750000.0,Colombo,Malabe,1,1
10.0,975000.0,Kalutara,Panadura,1,1
12.5,390000.0,Gampaha,Minuwangoda,0,0
9.5,1275000.0,Colombo,Talawatugoda,0,0
13.5,1200000.0,Colombo,Piliyandala,0,0
8.0,707500.0,Matale,Dambulla,1,1
41.0,275000.0,Badulla,Badulla City,0,0
11.2,257500.0,Matale,Dambulla,0,0
28.0,160714.29,Hambantota,Beliatta,1,1
37.0,2600000.0,Colombo,Battaramulla,1,1
45.0,6000000.0,Colombo,Mount Lavinia,0,0
7.3,2650000.0,Colombo,Rajagiriya,0,0
240.0,350000.0,Gampaha,Gampaha City,0,0
12.5,675000.0,Gampaha,Ja-Ela,0,0
10.0,297500.0,Colombo,Dehiwala,0,0
10.0,250000.0,Matara,Kekanadurra,0,0
12.5,215000.0,Colombo,Maharagama,0,0
120.0,360000.0,Jaffna,Jaffna City,0,0
32.0,340000.0,Gampaha,Gampaha City,0,0
13.7,1050000.0,Colombo,Boralesgamuwa,0,0
10.0,2275000.0,Colombo,Maharagama,1,1
200.0,75000.0,Puttalam,Puttalam City,0,0
10.0,500000.0,Gampaha,Gampaha City,0,0
15.0,200000.0,Monaragala,Kataragama,0,0
6.5,2750000.0,Colombo,Boralesgamuwa,0,0
11.51,2800000.0,Colombo,Boralesgamuwa,0,0
10.75,2100000.0,Colombo,Boralesgamuwa,0,0
13.0,1090000.0,Colombo,Athurugiriya,0,0
65.5,285000.0,Gampaha,Veyangoda,0,0
10.0,4000000.0,Colombo,Mount Lavinia,0,0
6.0,2000000.0,Colombo,Malabe,0,0
55.0,170000.0,Jaffna,Jaffna City,0,0
6.0,895000.0,Colombo,Kottawa,1,1
20.0,2200000.0,Colombo,Boralesgamuwa,0,0
10.0,248500.0,Gampaha,Kadawatha,0,0
10.0,67500.0,Gampaha,Gampaha City,0,0
10.85,1275000.0,Colombo,Talawatugoda,0,0
6.4,875000.0,Gampaha,Kadawatha,0,0
15.0,247500.0,Gampaha,Kadawatha,0,0
10.0,650000.0,Colombo,Piliyandala,0,0
10.0,5000000.0,Colombo,Kotte,1,0
11.3,5000000.0,Colombo,Kotte,0,0
21.7,450000.0,Colombo,Colombo 3,0,0
2560.0,550000.0,Kalutara,Panadura,0,0
67.0,2500000.0,Colombo,Colombo 3,0,1
21.25,1600000.0,Gampaha,Gampaha City,0,0
7.0,825000.0,Colombo,Athurugiriya,0,0
10.0,495000.0,Kalutara,Panadura,0,0
12.5,155000.0,Gampaha,Kadawatha,0,0
15.0,180000.0,Kandy,Nawalapitiya,0,0
262.0,32442.75,Kandy,Gampola,0,0
13.0,175000.0,Kandy,Nawalapitiya,0,0
20.0,465000.0,Gampaha,Kiribathgoda,0,0
7.5,1000000.0,Colombo,Meegoda,0,0
6.0,1100000.0,Gampaha,Gampaha City,0,0
90.0,910000.0,Jaffna,Jaffna City,0,0
12.5,215000.0,Colombo,Piliyandala,0,0
10.0,297500.0,Colombo,Maharagama,0,0
12.5,265500.0,Gampaha,Kadawatha,1,1
10.0,297500.0,Gampaha,Negombo,0,0
40.0,250000.0,Jaffna,Jaffna City,0,0
60.0,250000.0,Jaffna,Jaffna City,0,0
17.0,2800000.0,Colombo,Battaramulla,0,0
23.7,250000.0,Kalutara,Panadura,0,0
400.0,75000.0,Gampaha,Divulapitiya,1,0
10.0,248500.0,Gampaha,Walikatiya,0,0
200.0,25000.0,Jaffna,Jaffna City,0,0
14.0,3000000.0,Colombo,Kotte,0,0
9.0,2650000.0,Colombo,Boralesgamuwa,0,0
10.0,1350000.0,Colombo,Kottawa,0,0
36.0,3200000.0,Colombo,Moratuwa,0,0
160.0,20312.5,Anuradhapura,Talawa,0,0
9.1,1800000.0,Colombo,Malabe,0,0
10.0,297500.0,Gampaha,Kadawatha,0,0
8.45,1834319.53,Colombo,Malabe,0,0
16.0,1200000.0,Gampaha,Kadawatha,0,0
15.0,2400000.0,Colombo,Piliyandala,1,1
12.5,265500.0,Colombo,Colombo 2,0,0
10.0,297500.0,Gampaha,Veyangoda,0,0
12.5,155000.0,Colombo,Colombo 2,0,0
12.0,1750000.0,Kurunegala,Ibbagamuwa,0,0
51.0,117647.06,Matale,Matale City,0,0
17.9,268156.42,Kalutara,Horana,0,0
8.5,17058823.53,Gampaha,Ragama,0,0
11.0,257500.0,Matale,Dambulla,0,0
12.5,275000.0,Kurunegala,Kurunegala City,0,0
300.0,130000.0,Nuwara Eliya,Ginigathhena,1,1
10.0,650000.0,Colombo,Avissawella,0,1
10.0,465000.0,Kalutara,Talagala,0,0
10.0,525000.0,Kalutara,Horana,0,0
240.0,250000.0,Kandy,Digana,0,0
6.0,3000000.0,Colombo,Talawatugoda,0,0
28.0,7500000.0,Colombo,Dehiwala,0,0
3040.0,300000.0,Gampaha,Ja-Ela,0,0
8.0,3200000.0,Colombo,Kotte,0,0
7.0,1500000.0,Colombo,Pannipitiya,0,0
8.0,1850000.0,Colombo,Kottawa,1,1
6.0,1850000.0,Colombo,Kottawa,1,1
7.0,4000000.0,Gampaha,Mirigama,1,1
7.3,1850000.0,Colombo,Moratuwa,1,1
6.0,1800000.0,Colombo,Kottawa,1,1
7.0,1800000.0,Colombo,Kottawa,1,1
18.0,4200000.0,Colombo,Maharagama,0,1
12.0,1450000.0,Colombo,Piliyandala,0,0
21.0,260000.0,Gampaha,Minuwangoda,0,0
6.5,1850000.0,Colombo,Kottawa,1,1
76.0,350000.0,Gampaha,Gampaha City,0,0
38.0,670000.0,Colombo,Meegoda,1,1
7.8,1400000.0,Gampaha,Wattala,0,0
8.0,1480000.0,Colombo,Kottawa,1,1
12.5,400000.0,Gampaha,Gampaha City,0,0
30.0,250000.0,Matara,Akuressa,0,0
6.8,700000.0,Kalutara,Panadura,1,1
26.0,5900000.0,Colombo,Rajagiriya,0,0
6.5,635000.0,Colombo,Homagama,0,0
10.0,985000.0,Colombo,Athurugiriya,0,0
20.5,1450000.0,Colombo,Kottawa,0,0
320.0,156250.0,Matale,Matale City,0,0
6.3,750000.0,Kalutara,Panadura,1,1
11.8,1300000.0,Colombo,Kottawa,0,0
10.0,2275000.0,Colombo,Maharagama,0,0
6.0,1875000.0,Gampaha,Kadawatha,1,1
13.5,1200000.0,Colombo,Kaduwela,0,0
8.5,950000.0,Kalutara,Panadura,1,1
6.15,2900000.0,Colombo,Nugegoda,0,0
10.5,520000.0,Kalutara,Panadura,0,0
160.0,62500.0,Colombo,Kottawa,0,0
6.0,1850000.0,Gampaha,Kadawatha,1,1
7.1,750000.0,Kalutara,Panadura,1,1
6.0,4200000.0,Colombo,Nugegoda,0,0
11.0,3800000.0,Colombo,Kotte,0,1
6.1,800000.0,Kalutara,Panadura,1,1
7.0,1600000.0,Colombo,Malabe,1,1
153.0,700000.0,Colombo,Piliyandala,0,0
6.0,300000.0,Colombo,Homagama,0,0
6.4,750000.0,Kalutara,Panadura,1,1
28.0,11500000.0,Colombo,Colombo 5,0,1
10.0,360000.0,Gampaha,Ja-Ela,0,0
7.0,1850000.0,Gampaha,Kadawatha,1,1
10.0,6500000.0,Colombo,Dehiwala,0,0
8.9,168539.33,Colombo,Pannipitiya,0,0
10.0,4350000.0,Colombo,Nawala,0,0
6.0,1000000.0,Colombo,Polgasowita,0,0
10.0,2500000.0,Matara,Dikwella,1,1
13.0,2900000.0,Colombo,Dehiwala,0,0
7.5,15500000.0,Colombo,Colombo 7,0,0
24.0,5500000.0,Colombo,Rajagiriya,0,1
40.0,4000000.0,Colombo,Battaramulla,0,0
13.0,385000.0,Gampaha,Ja-Ela,0,0
10.0,2600000.0,Colombo,Talawatugoda,0,0
6.2,3000000.0,Colombo,Maharagama,0,0
12.5,2000000.0,Colombo,Talawatugoda,0,0
9.5,2200000.0,Colombo,Boralesgamuwa,0,0
6.0,4800000.0,Colombo,Battaramulla,0,0
12.4,1800000.0,Colombo,Kottawa,0,0
27.0,4074074.07,Colombo,Kohuwala,0,0
10.0,2200000.0,Colombo,Talawatugoda,0,0
47.0,55851.06,Kegalle,Warakapola,0,0
8.75,1450000.0,Colombo,Piliyandala,0,0
27.0,2800000.0,Colombo,Mount Lavinia,0,0
6.9,1325000.0,Gampaha,Gampaha City,1,1
60.0,3750000.0,Colombo,Mount Lavinia,0,0
12.5,155000.0,Kandy,Katugastota,0,0
18.5,400000.0,Kalutara,Kalutara City,0,0
17.75,2030000.0,Colombo,Kottawa,0,0
13.25,2200000.0,Kandy,Kandy City,0,0
166.16,750000.0,Gampaha,Ja-Ela,0,0
80.0,2000000.0,Colombo,Talawatugoda,0,0
15.0,247500.0,Colombo,Colombo 3,0,0
6.7,3700000.0,Colombo,Nawala,0,0
12.5,265000.0,Colombo,Nugegoda,0,0
10.0,465000.0,Kandy,Kandy City,0,0
10.65,2500000.0,Colombo,Nugegoda,0,0
6.1,1475000.0,Colombo,Maharagama,0,0
6.5,2050000.0,Gampaha,Kadawatha,0,0
13.0,475000.0,Gampaha,Ja-Ela,1,1
20.0,2200000.0,Colombo,Piliyandala,1,1
12.5,155000.0,Colombo,Colombo 3,0,0
560.0,137500.0,Colombo,Padukka,0,0
9.67,3650000.0,Colombo,Nugegoda,0,0
20.0,400000.0,Kalutara,Bandaragama,0,0
6.2,1475000.0,Colombo,Maharagama,0,0
229.0,2620087.34,Gampaha,Kelaniya,0,0
79.0,995000.0,Nuwara Eliya,Nuwara Eliya City,0,0
14.0,1607142.86,Galle,Galle City,0,0
10.0,46500.0,Kandy,Kandy City,0,0
79.0,997000.0,Nuwara Eliya,Nuwara Eliya City,0,0
6.7,6500000.0,Colombo,Colombo 6,0,0
8.0,960000.0,Colombo,Homagama,0,0
11.5,2350000.0,Colombo,Maharagama,1,1
20.0,120000.0,Nuwara Eliya,Ramboda,0,0
10.5,135000.0,Colombo,Maharagama,0,0
8.0,680000.0,Colombo,Homagama,0,0
20.0,300000.0,Colombo,Hanwella,0,0
52.0,2200000.0,Nuwara Eliya,Nuwara Eliya City,1,1
79.0,981012.66,Nuwara Eliya,Nuwara Eliya City,0,0
10.0,385000.0,Kandy,Ampitiya,0,0
78.0,1000000.0,Nuwara Eliya,Nuwara Eliya City,0,0
10.0,180000.0,Kandy,Nawalapitiya,0,0
10.0,85000.0,Kegalle,Warakapola,0,0
28.9,2900000.0,Colombo,Talawatugoda,0,0
65.0,3384615.38,Kalutara,Bandaragama,0,0
10.0,900000.0,Kalutara,Bandaragama,0,0
6.52,1600000.0,Gampaha,Kadawatha,0,0
10.0,1250000.0,Matara,Kamburugamuwa,0,0
15.0,146666.67,Galle,Galle City,0,0
7.3,465753.42,Colombo,Homagama,0,0
10.0,405000.0,Colombo,Homagama,0,0
11.25,1800000.0,Colombo,Rajagiriya,0,0
7.8,4743589.74,Colombo,Malabe,0,0
10.0,350000.0,Kalutara,Kalutara City,0,0
9.7,1900000.0,Galle,Galle City,1,1
12.0,183500.0,Kandy,Katugastota,0,0
7.0,4000000.0,Colombo,Kotte,0,0
7.0,1500000.0,Colombo,Piliyandala,0,0
7.0,775000.0,Gampaha,Kadawatha,0,0
15.0,247500.0,Colombo,Maharagama,0,0
21.0,1785714.29,Galle,Ambalangoda,0,0
10.0,267500.0,Colombo,Dehiwala,0,0
12.0,125000.0,Kandy,Pussellawa,0,0
10.0,2000000.0,Gampaha,Kadawatha,1,1
20.0,4000000.0,Colombo,Battaramulla,0,0
20.25,11.36,Colombo,Kaduwela,0,0
20.0,22000000.0,Colombo,Colombo 5,0,0
7.0,775000.0,Gampaha,Kadawatha,1,1
25.0,800000.0,Colombo,Athurugiriya,0,0
12.5,342500.0,Galle,Ahangama,0,0
7.0,1500000.0,Colombo,Pannipitiya,1,1
15.0,2500000.0,Colombo,Battaramulla,0,0
10.0,265000.0,Kalutara,Kalutara City,0,0
6.4,28.12,Colombo,Pannipitiya,1,1
20.0,100000.0,Kandy,Peradeniya,0,0
10.0,200000.0,Colombo,Hanwella,0,0
7.7,3500000.0,Colombo,Mount Lavinia,0,0
73.4,750000.0,Gampaha,Kadawatha,1,1
65.0,50000.0,Hambantota,Hambantota City,0,0
12.0,1700000.0,Gampaha,Kadawatha,1,1
13.0,395000.0,Gampaha,Ja-Ela,0,0
20.0,145000.0,Kandy,Deltota,0,0
10.0,1200000.0,Gampaha,Kandana,1,1
10.0,1000000.0,Colombo,Piliyandala,0,0
20.0,900000.0,Gampaha,Kadawatha,0,0
6.5,2200000.0,Colombo,Maharagama,0,0
45.0,88888.89,Galle,Galle City,0,1
13.5,2400000.0,Colombo,Boralesgamuwa,0,0
12.5,15625.0,Colombo,Maharagama,0,0
20.0,21000000.0,Colombo,Colombo 5,0,0
6.4,2400000.0,Colombo,Maharagama,0,0
41.1,1320000.0,Colombo,Malabe,1,1
20.0,150000.0,Matara,Weligama,0,0
10.0,475000.0,Matara,Kekanadurra,0,0
53.0,675000.0,Matara,Weligama,0,0
7.3,2175000.0,Gampaha,Kadawatha,0,0
28.0,500000.0,Kurunegala,Polgahawela,0,0
24.0,8333333.33,Matale,Dambulla,0,0
17.0,14000000.0,Colombo,Colombo 6,1,0
10.8,265000.0,Colombo,Athurugiriya,0,0
6.5,2325000.0,Gampaha,Kadawatha,0,0
19.0,1800000.0,Gampaha,Wattala,0,0
11.7,2500000.0,Colombo,Nugegoda,1,1
13.0,211538.46,Gampaha,Mirigama,0,0
14.0,2500000.0,Colombo,Maharagama,0,0
20.0,225000.0,Kandy,Ampitiya,0,0
7.0,1900000.0,Gampaha,Kadawatha,0,0
20.0,575000.0,Gampaha,Kalagedihena,0,0
10.13,15000000.0,Colombo,Colombo 5,1,1
30.0,160000.0,Gampaha,Minuwangoda,0,0
30.0,200000.0,Kandy,Kundasale,0,0
6.0,680000.0,Colombo,Homagama,0,0
288.0,72916.67,Gampaha,Gampaha City,1,1
6.0,1180833.33,Colombo,Athurugiriya,0,0
10.0,650000.0,Colombo,Dehiwala,0,0
6.0,1475000.0,Colombo,Piliyandala,0,0
6.0,1450000.0,Colombo,Pannipitiya,0,0
20.0,3500000.0,Colombo,Talawatugoda,0,0
9.56,695000.0,Gampaha,Kadawatha,1,1
12.0,675000.0,Gampaha,Kadawatha,0,0
11.5,400000.0,Hambantota,Beliatta,1,1
13.25,3500000.0,Colombo,Dehiwala,0,0
10.0,375000.0,Colombo,Hanwella,1,1
12.5,215000.0,Anuradhapura,Anuradhapura City,0,0
8.45,395000.0,Colombo,Homagama,1,1
10.0,275000.0,Gampaha,Kadawatha,1,1
12.5,215000.0,Gampaha,Gampaha City,0,0
10.0,187500.0,Gampaha,Kadawatha,0,0
12.0,208333.33,Gampaha,Mirigama,0,0
15.0,247500.0,Anuradhapura,Anuradhapura City,0,0
15.0,247500.0,Kandy,Kandy City,0,0
13.8,595000.0,Hambantota,Tissamaharama,0,0
20.0,1750000.0,Colombo,Pannipitiya,1,1
10.0,2850000.0,Colombo,Talawatugoda,0,0
7.0,8500000.0,Colombo,Nawala,0,0
12.5,3800000.0,Colombo,Mount Lavinia,0,0
20.0,1750000.0,Colombo,Talawatugoda,1,1
15.0,247500.0,Gampaha,Gampaha City,0,0
20.0,2250000.0,Colombo,Maharagama,0,0
15.0,247500.0,Colombo,Nugegoda,0,0
7.7,3800000.0,Colombo,Mount Lavinia,0,0
37.77,3500000.0,Colombo,Kotte,0,0
12.4,2500000.0,Colombo,Malabe,0,0
17.95,4500000.0,Colombo,Nugegoda,0,0
11.3,5300000.0,Colombo,Nawala,0,0
6.0,2200000.0,Colombo,Athurugiriya,0,0
12.1,5500000.0,Colombo,Nawala,0,0
43.0,3600000.0,Colombo,Mount Lavinia,0,0
16.0,5500000.0,Colombo,Nawala,0,0
19.0,1650000.0,Gampaha,Kiribathgoda,0,0
12.5,360000.0,Gampaha,Veyangoda,0,0
10.0,300000.0,Colombo,Avissawella,0,0
7.0,1671428.57,Colombo,Athurugiriya,0,0
7.0,800000.0,Gampaha,Ja-Ela,0,0
6.5,1225000.0,Gampaha,Gampaha City,1,0
1120.0,42000.0,Kalutara,Kalutara City,0,0
6.1,950000.0,Colombo,Piliyandala,0,0
43.2,1100000.0,Colombo,Kaduwela,0,0
12.5,360000.0,Gampaha,Gampaha City,0,0
12.0,1150000.0,Colombo,Athurugiriya,0,0
23.9,1000000.0,Colombo,Homagama,0,0
13.2,1550000.0,Colombo,Kaduwela,0,0
22.5,1667555.56,Gampaha,Negombo,0,0
15.0,1590000.0,Colombo,Kaduwela,0,0
14.0,1150000.0,Colombo,Malabe,0,0
10.0,257500.0,Matale,Matale City,0,0
11.8,650000.0,Gampaha,Ragama,0,0
12.0,1150000.0,Colombo,Malabe,0,0
10.0,85000.0,Matale,Matale City,0,0
160.0,1400000.0,Gampaha,Nittambuwa,1,0
9.0,3000000.0,Colombo,Maharagama,0,0
15.0,1800000.0,Colombo,Malabe,0,0
24.0,3800000.0,Colombo,Nugegoda,0,0
8.0,2500000.0,Colombo,Maharagama,0,0
160.0,1400000.0,Gampaha,Nittambuwa,0,0
10.0,200000.0,Kalutara,Bandaragama,0,0
17.0,675000.0,Nuwara Eliya,Nuwara Eliya City,0,0
7.0,350000.0,Matara,Kekanadurra,0,0
50.0,1750000.0,Colombo,Talawatugoda,0,0
9.0,1900000.0,Colombo,Malabe,0,0
17.85,4600000.0,Colombo,Battaramulla,0,0
10.0,475000.0,Gampaha,Gampaha City,0,0
28.0,875000.0,Gampaha,Kiribathgoda,0,0
13.6,216000.0,Gampaha,Mirigama,0,0
12.5,215000.0,Colombo,Battaramulla,0,0
9.5,1950000.0,Colombo,Talawatugoda,0,0
15.0,247500.0,Colombo,Dehiwala,0,0
6.0,1350000.0,Colombo,Malabe,0,0
12.12,2000000.0,Colombo,Talawatugoda,0,0
6.5,420000.0,Colombo,Homagama,0,0
10.5,695000.0,Colombo,Homagama,0,0
10.0,297500.0,Colombo,Angoda,0,0
8.4,415000.0,Colombo,Homagama,0,0
8.0,1330000.0,Colombo,Piliyandala,0,0
34.0,650000.0,Gampaha,Biyagama,0,0
18.45,1925000.0,Gampaha,Kadawatha,0,0
6.3,590000.0,Gampaha,Kadawatha,0,0
10.0,675000.0,Kalutara,Panadura,0,0
40.0,415000.0,Colombo,Homagama,0,0
10.0,340000.0,Gampaha,Veyangoda,0,0
28.0,875000.0,Gampaha,Kadawatha,0,0
28.5,650000.0,Gampaha,Kadawatha,0,0
6.8,980000.0,Gampaha,Kadawatha,0,0
15.0,350000.0,Galle,Galle City,0,0
10.0,299000.0,Gampaha,Nittambuwa,0,0
15.0,775000.0,Gampaha,Veyangoda,1,1
8.0,2437500.0,Galle,Ambalangoda,1,1
15.0,775000.0,Gampaha,Veyangoda,0,0
11.5,1550000.0,Colombo,Homagama,0,0
10.0,960000.0,Colombo,Moratuwa,0,0
13.0,7500000.0,Colombo,Dehiwala,0,0
12.0,1750000.0,Kurunegala,Kurunegala City,0,0
16640.0,56250.0,Gampaha,Mirigama,0,1
320.0,25000.0,Monaragala,Buttala,0,0
24.0,4700000.0,Colombo,Dehiwala,0,0
17.0,425000.0,Kurunegala,Kurunegala City,0,0
15.0,250000.0,Kurunegala,Alawwa,0,0
10.0,950000.0,Kalutara,Panadura,0,0
10.0,187500.0,Colombo,Piliyandala,0,0
11.0,1100000.0,Colombo,Rajagiriya,0,0
12.5,155000.0,Colombo,Dehiwala,0,0
20.0,1000000.0,Gampaha,Kiribathgoda,0,0
11.0,400000.0,Hambantota,Beliatta,0,0
6.5,175384.62,Colombo,Homagama,0,0
21.15,1000000.0,Gampaha,Kadawatha,0,0
9.8,1295000.0,Colombo,Pannipitiya,0,0
10.0,265000.0,Colombo,Homagama,0,0
10.0,545000.0,Colombo,Homagama,1,1
6.72,515000.0,Colombo,Homagama,0,0
15.0,160000.0,Kurunegala,Hettipola,0,0
20.55,800000.0,Gampaha,Kiribathgoda,1,1
673.0,1100000.0,Gampaha,Wattala,0,0
1200.0,5468.75,Colombo,Kaduwela,0,0
6.5,3000000.0,Matara,Dikwella,0,0
11.4,3200000.0,Colombo,Rajagiriya,0,0
94.0,600000.0,Badulla,Badulla City,0,0
14.0,1490000.0,Gampaha,Kadawatha,0,0
10.0,625000.0,Kalutara,Bandaragama,0,0
12.5,640000.0,Vavuniya,Vavuniya City,0,0
37.5,3200000.0,Gampaha,Kiribathgoda,1,0
10.85,1290000.0,Colombo,Pannipitiya,0,0
6.5,267500.0,Colombo,Meegoda,0,0
70.0,3000000.0,Gampaha,Kiribathgoda,0,0
10.0,350000.0,Kalutara,Horana,0,0
73.0,620000.0,Colombo,Kaduwela,0,0
9.5,6842105.26,Colombo,Colombo 6,0,0
18.9,2200000.0,Colombo,Battaramulla,0,0
12.0,1000000.0,Gampaha,Kadawatha,0,0
6.0,1600000.0,Colombo,Malabe,0,0
277.0,600000.0,Hambantota,Tangalla,0,0
21.5,2200000.0,Gampaha,Wattala,0,1
28.0,2500000.0,Colombo,Maharagama,0,0
40.0,11000000.0,Colombo,Nawala,0,0
21.0,1050000.0,Colombo,Battaramulla,0,0
15.0,8500000.0,Colombo,Colombo 6,0,0
12.0,2000000.0,Colombo,Ratmalana,0,0
10.52,1550000.0,Colombo,Malabe,0,0
20.0,3200000.0,Colombo,Battaramulla,0,0
10.48,6200000.0,Colombo,Dehiwala,1,1
18.0,3050000.0,Colombo,Maharagama,0,0
240.0,600000.0,Hambantota,Tangalla,0,0
14.5,18000000.0,Colombo,Colombo 8,0,0
200.0,2125.0,Hambantota,Ambalantota,0,0
10.0,2050000.0,Colombo,Pannipitiya,0,0
55.0,3600000.0,Colombo,Mount Lavinia,0,0
14.0,7700000.0,Colombo,Mount Lavinia,0,0
17.5,3900000.0,Colombo,Nugegoda,0,0
10.0,4100000.0,Colombo,Rajagiriya,0,0
71.0,774647.89,Nuwara Eliya,Nuwara Eliya City,0,1
8.45,4600000.0,Colombo,Dehiwala,0,0
10.0,2925000.0,Colombo,Battaramulla,0,0
37.25,2550000.0,Colombo,Kotte,0,0
510.0,98039.22,Badulla,Badulla City,1,1
13.7,1250000.0,Colombo,Malabe,0,0
22.55,18000000.0,Colombo,Colombo 4,0,0
14.15,1650000.0,Colombo,Malabe,0,0
19.0,2200000.0,Colombo,Maharagama,0,0
60.0,3700000.0,Colombo,Nugegoda,0,0
3040.0,14375.0,Kalutara,Matugama,0,0
20.0,2500000.0,Colombo,Talawatugoda,0,0
8.0,4687500.0,Colombo,Nugegoda,0,0
37.0,7027027.03,Matara,Matara City,0,0
8.0,3700000.0,Colombo,Kotte,0,0
8.2,9000000.0,Colombo,Colombo 6,0,0
20.0,1800000.0,Colombo,Battaramulla,0,0
147.25,590000.0,Hambantota,Tangalla,0,0
19.0,17000000.0,Colombo,Colombo 4,0,0
16.0,9000000.0,Colombo,Colombo 5,0,0
15.0,2850000.0,Colombo,Kotte,0,1
30.0,3000000.0,Colombo,Maharagama,0,0
28.0,2857142.86,Ratnapura,Eheliyagoda,1,1
6.0,990000.0,Gampaha,Gampaha City,0,0
8.0,218750.0,Ampara,Akkarepattu,0,0
12.5,400000.0,Colombo,Meegoda,0,0
7.0,3300000.0,Colombo,Kotte,0,0
8.0,3000000.0,Colombo,Nugegoda,0,0
7.0,850000.0,Colombo,Athurugiriya,0,0
4.0,1262500.0,Colombo,Wellampitiya,0,0
6.0,1180833.33,Matara,Dikwella,0,0
6.5,990000.0,Colombo,Meegoda,0,0
40.0,250000.0,Gampaha,Mirigama,0,0
10.0,330000.0,Colombo,Homagama,0,0
8.5,3700000.0,Colombo,Rajagiriya,0,0
19.5,230769.23,Kalutara,Matugama,0,0
14.0,1790000.0,Colombo,Battaramulla,0,0
10.0,385000.0,Kandy,Kundasale,0,0
10.0,2900000.0,Colombo,Rajagiriya,0,0
8.5,3800000.0,Colombo,Mount Lavinia,0,0
10.6,1850000.0,Colombo,Athurugiriya,0,0
10.0,1900000.0,Gampaha,Wattala,0,0
11.4,3200000.0,Colombo,Rajagiriya,0,1
10.0,400000.0,Hambantota,Beliatta,0,0
7.5,1900000.0,Colombo,Kottawa,1,1
20.0,2900000.0,Gampaha,Wattala,0,0
13.9,2500000.0,Gampaha,Wattala,0,0
12.5,215000.0,Gampaha,Negombo,0,0
28.0,585000.0,Gampaha,Wattala,0,0
88.0,3000000.0,Colombo,Kotikawatta,1,1
6.2,1400000.0,Colombo,Piliyandala,1,1
10.5,265000.0,Colombo,Athurugiriya,0,0
20.0,2700000.0,Colombo,Talawatugoda,0,0
17.0,400000.0,Gampaha,Ganemulla,0,0
10.0,325000.0,Kalutara,Horana,0,0
26.5,1773584.91,Gampaha,Wattala,0,0
37.5,2950000.0,Gampaha,Gampaha City,0,0
10.0,1000000.0,Colombo,Athurugiriya,0,0
320.0,37500.0,Kegalle,Kegalle City,0,0
20.0,180000.0,Galle,Baddegama,0,0
8.0,2850000.0,Colombo,Maharagama,1,1
10.0,675000.0,Colombo,Homagama,0,0
7.0,2850000.0,Colombo,Maharagama,1,1
20.0,1400000.0,Colombo,Piliyandala,0,0
12.5,215000.0,Kandy,Akurana,0,0
24.2,2200000.0,Colombo,Maharagama,0,0
18.31,4000000.0,Colombo,Dehiwala,0,0
10.0,187500.0,Kandy,Peradeniya,0,0
6.0,833333.33,Gampaha,Ragama,0,0
20.0,1400000.0,Colombo,Kesbewa,0,0
7.4,2200000.0,Gampaha,Kadawatha,0,0
12.0,400000.0,Hambantota,Beliatta,0,0
10.0,690000.0,Gampaha,Gampaha City,0,0
40.0,1900000.0,Gampaha,Kiribathgoda,0,0
21.0,3000000.0,Colombo,Kotte,0,0
27.0,135185.19,Gampaha,Kalagedihena,0,0
10.0,670000.0,Kalutara,Panadura,0,0
10.0,1000000.0,Colombo,Moratuwa,0,0
19.8,360000.0,Gampaha,Divulapitiya,0,0
10.0,1325000.0,Colombo,Boralesgamuwa,0,0
10.0,990000.0,Colombo,Piliyandala,0,0
40.0,137500.0,Ratnapura,Embilipitiya,0,0
6.5,4800000.0,Colombo,Battaramulla,0,0
12.5,265000.0,Colombo,Athurugiriya,0,0
15.6,1300000.0,Gampaha,Kiribathgoda,0,0
10.0,995000.0,Kalutara,Panadura,0,0
10.0,15000000.0,Colombo,Colombo 6,0,0
10.5,1800000.0,Colombo,Malabe,0,0
10.0,1300000.0,Colombo,Battaramulla,0,0
10.0,1050000.0,Colombo,Moratuwa,0,0
9.8,1310000.0,Colombo,Talawatugoda,0,0
6.5,1425000.0,Colombo,Kottawa,0,0
12.5,265000.0,Kandy,Katugastota,0,0
320.0,690000.0,Hambantota,Hambantota City,0,0
19.0,2600000.0,Colombo,Malabe,0,0
6.5,250000.0,Colombo,Meegoda,0,0
12.5,215000.0,Gampaha,Kiribathgoda,0,0
7.5,1950000.0,Colombo,Pannipitiya,1,1
11.38,1669595.78,Batticaloa,Batticaloa City,1,1
10.0,275000.0,Colombo,Athurugiriya,0,0
6.65,1950000.0,Colombo,Pannipitiya,1,1
6.7,1960000.0,Colombo,Kottawa,1,1
18.5,300000.0,Gampaha,Nittambuwa,0,0
25.0,300000.0,Gampaha,Nittambuwa,0,0
35.0,150000.0,Kurunegala,Kurunegala City,0,0
12.5,265000.0,Colombo,Maharagama,0,0
15.0,275000.0,Kandy,Pilimatalawa,0,0
14.0,4500000.0,Colombo,Kalubowila,0,0
7.5,1900000.0,Gampaha,Kadawatha,0,0
15.0,95000.0,Kurunegala,Kurunegala City,0,0
6.5,1950000.0,Colombo,Pannipitiya,0,0
7.56,2000000.0,Colombo,Talawatugoda,0,0
15.0,295000.0,Kurunegala,Kurunegala City,0,0
10.0,5000000.0,Colombo,Rajagiriya,0,0
15.0,175000.0,Kurunegala,Kurunegala City,0,0
15.0,347500.0,Matara,Matara City,0,0
10.0,575000.0,Matara,Matara City,0,0
7.0,1950000.0,Colombo,Kottawa,1,1
18.05,3200000.0,Colombo,Battaramulla,0,0
6.75,1975000.0,Colombo,Talawatugoda,1,1
250.0,4000000.0,Matara,Matara City,0,0
15.0,145000.0,Kurunegala,Kurunegala City,0,0
10.7,20000000.0,Colombo,Colombo 3,0,0
10.0,2375000.0,Colombo,Pannipitiya,0,0
7.5,7733333.33,Colombo,Nugegoda,0,0
10.0,15625.0,Matara,Dikwella,1,1
20.0,1200000.0,Colombo,Athurugiriya,0,0
53.7,675000.0,Matara,Weligama,0,0
10.0,2500000.0,Matara,Akuressa,1,1
21.0,3000000.0,Colombo,Talawatugoda,0,0
15.0,165000.0,Kurunegala,Kurunegala City,0,0
32.0,46875.0,Kegalle,Warakapola,0,0
18.0,5200000.0,Colombo,Battaramulla,0,0
8000.0,46875.0,Kurunegala,Kurunegala City,0,0
8000.0,40625.0,Puttalam,Puttalam City,1,0
9.4,2300000.0,Colombo,Ratmalana,0,0
800.0,1000000.0,Nuwara Eliya,Nuwara Eliya City,0,0
10.0,975000.0,Colombo,Battaramulla,0,0
8.75,2285714.29,Colombo,Rajagiriya,0,0
90.0,500000.0,Kalutara,Kalutara City,0,0
12.5,350000.0,Gampaha,Divulapitiya,1,1
10.0,460000.0,Colombo,Polgasowita,0,0
10.0,2600000.0,Colombo,Athurugiriya,0,0
6.0,975000.0,Colombo,Piliyandala,1,1
30.75,6400000.0,Colombo,Kalubowila,0,0
10.0,1150000.0,Gampaha,Kandana,0,0
7.15,975000.0,Colombo,Kottawa,0,0
38.0,1710526.32,Kalutara,Kalutara City,0,0
10.0,267500.0,Colombo,Nugegoda,0,0
4480.0,13392.86,Matale,Matale City,0,0
10.0,187500.0,Colombo,Maharagama,0,0
8.0,15000000.0,Colombo,Colombo 5,0,1
11.64,1550000.0,Colombo,Homagama,0,0
145.0,4500000.0,Kandy,Kandy City,0,0
26.61,8800000.0,Colombo,Dehiwala,0,0
10.0,9750000.0,Colombo,Piliyandala,0,0
17.2,2122093.02,Colombo,Ratmalana,0,0
16.65,4204204.2,Colombo,Kotte,0,0
7.0,630000.0,Colombo,Meegoda,0,0
6.0,750000.0,Colombo,Homagama,0,0
83.0,600000.0,Gampaha,Gampaha City,0,0
10.0,1150000.0,Colombo,Piliyandala,0,0
6.0,875000.0,Gampaha,Kadawatha,0,0
10.0,2575000.0,Colombo,Boralesgamuwa,0,0
1040.0,62500.0,Kandy,Deltota,0,0
6.0,600000.0,Colombo,Colombo 1,0,0
12.0,100000.0,Kegalle,Kegalle City,0,0
10.0,6800000.0,Colombo,Dehiwala,0,0
6.0,1400000.0,Gampaha,Ja-Ela,1,1
10.0,635000.0,Colombo,Homagama,0,0
14.0,285000.0,Kalutara,Horana,0,0
30.0,3900000.0,Colombo,Nawala,0,0
10.0,975000.0,Colombo,Athurugiriya,0,0
43.0,700000.0,Kalutara,Horana,0,0
8.75,1600000.0,Gampaha,Wattala,0,0
15.0,1600000.0,Colombo,Boralesgamuwa,0,0
10.0,97500.0,Colombo,Talawatugoda,0,0
160.0,50000.0,Monaragala,Kataragama,0,0
20.0,2300000.0,Colombo,Battaramulla,0,0
12.0,3700000.0,Colombo,Dehiwala,0,0
11.0,5000000.0,Colombo,Battaramulla,0,0
6.0,13000000.0,Colombo,Rajagiriya,0,0
18.9,410000.0,Gampaha,Kandana,1,1
10.5,7000000.0,Colombo,Mount Lavinia,0,0
10.0,3600000.0,Colombo,Battaramulla,0,0
17.0,3800000.0,Colombo,Boralesgamuwa,0,0
36.0,2500000.0,Colombo,Nugegoda,0,0
30.0,2300000.0,Colombo,Battaramulla,0,0
6.5,1000000.0,Colombo,Athurugiriya,0,0
9.0,2555555.56,Colombo,Rajagiriya,0,0
7.0,2200000.0,Ratnapura,Ratnapura City,0,0
30.0,3000000.0,Colombo,Avissawella,0,0
12.0,2300000.0,Colombo,Battaramulla,0,0
80.0,2000000.0,Colombo,Battaramulla,0,0
9.8,1295000.0,Colombo,Talawatugoda,0,0
9.5,315000.0,Matara,Kekanadurra,0,0
60.0,1400000.0,Colombo,Moratuwa,0,0
6.0,1475000.0,Colombo,Maharagama,1,1
18.0,7000000.0,Colombo,Rajagiriya,0,0
17.0,2000000.0,Colombo,Battaramulla,0,0
60.0,1400000.0,Colombo,Kotte,0,0
130.0,1600000.0,Gampaha,Negombo,0,1
6.0,1500000.0,Matara,Matara City,0,0
3840.0,62500.0,Nuwara Eliya,Nuwara Eliya City,1,0
8.1,1790123.46,Colombo,Pannipitiya,0,0
10.0,200000.0,Kalutara,Matugama,0,0
80.0,375000.0,Gampaha,Gampaha City,0,0
20.0,2500000.0,Colombo,Mount Lavinia,1,1
12.7,1400000.0,Gampaha,Kadawatha,0,0
8.1,1590000.0,Colombo,Talawatugoda,1,1
12.0,275000.0,Kalutara,Horana,0,0
10.0,675000.0,Colombo,Meegoda,0,0
13.0,180000.0,Kandy,Nawalapitiya,0,0
10.0,1400000.0,Colombo,Piliyandala,0,0
10.7,600000.0,Gampaha,Kadawatha,0,0
10.0,350000.0,Matale,Matale City,1,1
13.0,13000000.0,Colombo,Nawala,0,0
11.0,300000.0,Kandy,Peradeniya,0,0
11.5,400000.0,Hambantota,Beliatta,0,0
8.9,1500000.0,Colombo,Pannipitiya,0,0
10.0,220000.0,Matale,Matale City,0,0
63.5,165000.0,Kalutara,Horana,0,0
10.0,200000.0,Kalutara,Alutgama,0,0
8.0,1690000.0,Colombo,Athurugiriya,1,1
6.5,1225000.0,Gampaha,Gampaha City,1,1
6.5,1275000.0,Gampaha,Gampaha City,1,1
8.5,1300000.0,Gampaha,Gampaha City,1,1
40.0,125000.0,Kalutara,Horana,0,0
13.5,2500000.0,Colombo,Boralesgamuwa,0,0
10.0,475000.0,Gampaha,Kalagedihena,1,1
10.0,187500.0,Colombo,Wellampitiya,0,0
13.0,135000.0,Kalutara,Horana,0,0
29.1,165000.0,Kalutara,Horana,0,0
6.5,385000.0,Colombo,Homagama,0,0
10.5,975000.0,Kalutara,Panadura,0,0
7.0,1050000.0,Colombo,Piliyandala,0,0
10.0,315000.0,Matara,Kekanadurra,0,0
24.0,3500000.0,Colombo,Maharagama,0,0
15.0,550000.0,Gampaha,Gampaha City,0,0
20.0,185000.0,Kalutara,Bandaragama,0,0
15.0,247500.0,Colombo,Ratmalana,0,0
8.7,610000.0,Kalutara,Panadura,1,1
15.0,235000.0,Gampaha,Divulapitiya,0,0
24.0,1300000.0,Colombo,Ratmalana,0,0
10.0,248500.0,Colombo,Talawatugoda,0,0
40.0,110000.0,Kalutara,Horana,0,0
7.0,610000.0,Kalutara,Panadura,1,1
10.5,1000000.0,Kalutara,Panadura,0,0
10.5,1000000.0,Colombo,Moratuwa,0,0
9.0,375000.0,Matara,Kekanadurra,0,0
8.0,1150000.0,Colombo,Piliyandala,1,1
32.5,275000.0,Gampaha,Divulapitiya,0,0
12.5,17000000.0,Colombo,Colombo 10,0,0
15.0,11000000.0,Colombo,Colombo 10,0,0
6.4,575000.0,Gampaha,Kadawatha,0,0
7.0,2075000.0,Gampaha,Wattala,0,0
8.3,675000.0,Kalutara,Panadura,1,1
7.0,357142.86,Matara,Matara City,0,0
9.0,300000.0,Matara,Kekanadurra,0,0
15.0,15000000.0,Colombo,Colombo 5,0,0
10.0,300000.0,Matara,Matara City,0,0
15.0,8000000.0,Colombo,Colombo 5,0,0
10.0,300000.0,Matara,Kekanadurra,0,0
8.0,1500000.0,Colombo,Athurugiriya,0,0
7.0,990000.0,Colombo,Homagama,0,0
17.5,15000000.0,Colombo,Colombo 5,0,0
13.0,385000.0,Kandy,Kandy City,0,0
3.0,600000.0,Jaffna,Jaffna City,0,0
10.0,400000.0,Kandy,Kandy City,0,0
10.0,225000.0,Anuradhapura,Anuradhapura City,0,0
10.0,510000.0,Gampaha,Veyangoda,0,0
50.0,1350000.0,Colombo,Piliyandala,0,0
75.25,1025000.0,Kalutara,Wadduwa,0,1
8.1,800000.0,Colombo,Kesbewa,0,0
8.42,3000000.0,Colombo,Colombo 5,0,0
15.0,1175000.0,Gampaha,Kalagedihena,0,0
20.0,2500000.0,Kandy,Kandy City,0,0
9.4,315000.0,Matara,Matara City,0,0
12.5,350000.0,Gampaha,Mirigama,1,0
16.65,3903903.9,Colombo,Kotte,0,0
55.92,400000.0,Hambantota,Tangalla,0,0
520.0,175000.0,Gampaha,Gampaha City,0,0
198.4,113407.26,Kurunegala,Bingiriya,1,1
11.6,9655172.41,Colombo,Dehiwala,0,0
45.0,350000.0,Gampaha,Ja-Ela,1,1
40.0,200000.0,Monaragala,Kataragama,0,0
12.5,360000.0,Gampaha,Gampaha City,1,1
43.0,6500000.0,Colombo,Avissawella,0,0
15.0,9000000.0,Colombo,Colombo 8,0,0
33.0,4000000.0,Colombo,Kotte,0,0
10.4,385000.0,Kandy,Wattegama,1,1
15.9,4500000.0,Colombo,Kohuwala,0,0
10.0,2000000.0,Colombo,Maharagama,0,0
15.0,1875000.0,Colombo,Boralesgamuwa,0,0
15.0,2850000.0,Colombo,Maharagama,0,0
35.0,4525000.0,Colombo,Kohuwala,0,0
14.0,2700000.0,Colombo,Maharagama,0,0
12.7,2800000.0,Colombo,Nugegoda,0,0
11.0,1250000.0,Colombo,Malabe,1,0
107.0,700934.58,Kandy,Kandy City,1,1
18.0,2780000.0,Colombo,Kohuwala,0,0
15.0,450000.0,Gampaha,Seeduwa,0,0
33.0,700000.0,Colombo,Homagama,0,0
16.0,2970000.0,Colombo,Dehiwala,0,0
17.2,11000000.0,Colombo,Colombo 6,0,0
10.0,1075000.0,Colombo,Athurugiriya,1,1
12.0,3800000.0,Colombo,Homagama,0,0
6.2,950000.0,Colombo,Piliyandala,0,0
160.0,350000.0,Badulla,Ella,0,0
9.1,12000000.0,Colombo,Colombo 6,0,0
13.2,4260000.0,Colombo,Dehiwala,0,0
16.5,1150000.0,Colombo,Talawatugoda,0,0
25.0,500000.0,Gampaha,Ja-Ela,0,0
7.0,700000.0,Gampaha,Kadawatha,0,0
226.0,170000.0,Gampaha,Gampaha City,0,0
10.3,2650000.0,Colombo,Talawatugoda,0,0
17.0,5000000.0,Colombo,Dehiwala,0,0
320.0,15625.0,Monaragala,Buttala,0,0
27.0,6500000.0,Colombo,Battaramulla,0,0
6.5,2923076.92,Matara,Dikwella,0,0
20.0,2600000.0,Colombo,Talawatugoda,0,0
45.0,1250000.0,Colombo,Piliyandala,1,0
25.0,2750000.0,Colombo,Talawatugoda,0,0
45.0,1250000.0,Colombo,Battaramulla,1,0
10.0,550000.0,Kalutara,Bandaragama,0,0
40.0,450000.0,Batticaloa,Batticaloa City,0,0
80.0,535000.0,Galle,Bentota,0,0
25.0,140000.0,Kalutara,Horana,0,0
45.0,1250000.0,Colombo,Polgasowita,1,0
6.5,1692307.69,Colombo,Moratuwa,0,0
10.0,555000.0,Kalutara,Bandaragama,0,0
20.0,1550000.0,Colombo,Nugegoda,0,0
6.0,10312.5,Colombo,Piliyandala,1,1
15.0,1750000.0,Galle,Galle City,0,0
23.0,2800000.0,Colombo,Dehiwala,0,0
8.0,2550000.0,Colombo,Pannipitiya,0,0
10.1,513000.0,Kalutara,Bandaragama,0,0
7.75,1000000.0,Gampaha,Gampaha City,0,0
12.0,200000.0,Kalutara,Alutgama,0,0
9.0,575000.0,Colombo,Homagama,0,0
12.5,215000.0,Kandy,Katugastota,0,0
6.5,990000.0,Gampaha,Gampaha City,0,0
10.0,525000.0,Kalutara,Bandaragama,0,0
20.5,800000.0,Kalutara,Ittapane,0,0
180.0,8611.11,Colombo,Athurugiriya,0,0
10.9,513000.0,Colombo,Kesbewa,0,0
11.6,1500000.0,Colombo,Malabe,0,0
10.0,750000.0,Gampaha,Negombo,0,1
31.0,600000.0,Gampaha,Gampaha City,0,0
38.0,350000.0,Gampaha,Nittambuwa,0,0
12.5,215000.0,Colombo,Malabe,0,0
7.0,1900000.0,Matara,Matara City,0,0
88.0,2500000.0,Colombo,Angoda,0,0
12.6,150000.0,Gampaha,Nittambuwa,0,0
170.0,350000.0,Kalutara,Horana,1,1
10.0,1400000.0,Colombo,Angoda,0,0
37.0,21000000.0,Colombo,Colombo 4,0,0
12.5,225000.0,Kalutara,Alutgama,0,0
12.5,215000.0,Colombo,Colombo 12,0,0
10.0,425000.0,Gampaha,Nittambuwa,0,0
12.5,1695000.0,Gampaha,Minuwangoda,0,0
15.0,525000.0,Gampaha,Kalagedihena,0,0
31.0,560000.0,Gampaha,Divulapitiya,0,0
15.0,245000.0,Colombo,Colombo 1,0,0
10.0,1150000.0,Colombo,Homagama,0,0
12.5,117000.0,Kalutara,Alutgama,0,0
12.0,300000.0,Colombo,Padukka,0,0
349.0,180000.0,Kalutara,Horana,0,0
7.0,3500000.0,Colombo,Kotte,0,0
7.5,575000.0,Gampaha,Kadawatha,0,0
182.0,41758.24,Puttalam,Puttalam City,0,0
8.0,3700000.0,Colombo,Nugegoda,0,0
30.0,70000.0,Galle,Bentota,0,0
10.0,2500000.0,Colombo,Athurugiriya,0,0
10.0,2200000.0,Colombo,Boralesgamuwa,0,0
11.5,375000.0,Hambantota,Tangalla,0,0
45.0,1200000.0,Colombo,Dehiwala,0,0
15.0,3800000.0,Colombo,Kotte,0,0
30.0,116666.67,Kurunegala,Kurunegala City,0,0
7.0,1675000.0,Colombo,Talawatugoda,0,0
9.5,273684.21,Gampaha,Gampaha City,0,0
50.52,530000.0,Kalutara,Panadura,1,1
58.0,620689.66,Gampaha,Ja-Ela,1,1
10.2,1500000.0,Gampaha,Kadawatha,0,0
320.0,175000.0,Gampaha,Divulapitiya,0,0
12.5,155000.0,Kandy,Akurana,0,0
27.5,309090.91,Gampaha,Gampaha City,0,0
40.0,1375000.0,Colombo,Piliyandala,0,0
12.5,265000.0,Colombo,Dehiwala,0,0
16.5,240000.0,Gampaha,Nittambuwa,0,0
20.0,180000.0,Matara,Kekanadurra,0,0
16.5,163636.36,Kurunegala,Kuliyapitiya,0,0
9.0,315000.0,Matara,Kekanadurra,0,0
7.0,1695000.0,Colombo,Athurugiriya,0,0
60.0,300000.0,Puttalam,Dankotuwa,0,1
10.0,267500.0,Colombo,Colombo 3,0,0
10.0,187500.0,Colombo,Dehiwala,0,0
15.0,575000.0,Gampaha,Gampaha City,0,0
10.0,400000.0,Kandy,Kundasale,0,0
10.0,189000.0,Gampaha,Divulapitiya,0,0
100.0,430000.0,Matara,Matara City,1,1
29.0,1500000.0,Colombo,Wellampitiya,0,0
10.0,1350000.0,Gampaha,Gampaha City,1,1
27.5,1800000.0,Gampaha,Gampaha City,1,1
11.0,1900000.0,Colombo,Malabe,0,0
20.0,3000000.0,Colombo,Nugegoda,0,0
15.0,95000.0,Ratnapura,Kuruwita,1,1
10.0,575700.0,Colombo,Kesbewa,0,0
7.5,3800000.0,Colombo,Nugegoda,0,0
10.7,5200000.0,Colombo,Nawala,0,0
10.7,2750000.0,Colombo,Nugegoda,0,0
6.07,2000000.0,Colombo,Pannipitiya,0,0
6.5,740000.0,Colombo,Piliyandala,0,0
7.0,557142.86,Colombo,Meegoda,0,0
9.0,2400000.0,Colombo,Maharagama,0,0
6.4,2100000.0,Colombo,Battaramulla,1,1
15.6,275641.03,Gampaha,Gampaha City,0,0
6.2,2100000.0,Colombo,Battaramulla,1,1
15.5,450000.0,Gampaha,Gampaha City,0,0
6.0,630000.0,Colombo,Meegoda,0,0
15.0,366666.67,Gampaha,Nittambuwa,0,0
7.0,1034000.0,Colombo,Homagama,0,0
106.0,240000.0,Kegalle,Rambukkana,1,0
35.0,657142.86,Kalutara,Horana,0,0
14.5,3000000.0,Colombo,Battaramulla,0,0
60.0,700000.0,Galle,Galle City,1,1
150.0,28000.0,Jaffna,Jaffna City,0,0
18.0,1500000.0,Gampaha,Kandana,1,1
14.75,1864406.78,Gampaha,Kadawatha,1,1
12.0,95000.0,Matara,Deniyaya,0,0
8.5,3500000.0,Colombo,Battaramulla,0,0
4000.0,40625.0,Kurunegala,Kuliyapitiya,0,0
5.5,6000000.0,Colombo,Wellampitiya,0,0
15.0,3200000.0,Colombo,Nugegoda,0,0
86.0,1200000.0,Gampaha,Negombo,0,0
400.0,60000.0,Hambantota,Tangalla,0,0
20.7,7584541.06,Colombo,Dehiwala,0,0
20.25,4000000.0,Gampaha,Wattala,0,0
10.5,2523809.52,Colombo,Athurugiriya,0,0
15.0,266666.67,Gampaha,Nittambuwa,0,0
10.0,2750000.0,Colombo,Athurugiriya,0,0
40.0,625000.0,Hambantota,Tangalla,0,0
68.0,2990000.0,Colombo,Nugegoda,1,1
7.0,414285.71,Gampaha,Ja-Ela,0,0
10.0,395000.0,Kalutara,Kalutara City,0,0
10.0,27500000.0,Colombo,Athurugiriya,0,0
12.5,240000.0,Kurunegala,Alawwa,0,0
10.0,400000.0,Hambantota,Beliatta,1,1
12.5,170000.0,Gampaha,Minuwangoda,0,0
6.0,1350000.0,Colombo,Athurugiriya,0,0
12.5,212500.0,Matale,Dambulla,0,0
7.0,5000000.0,Colombo,Mount Lavinia,0,0
27.5,2400000.0,Colombo,Talawatugoda,0,0
6.0,1850000.0,Colombo,Piliyandala,1,1
10.0,260000.0,Matale,Matale City,0,0
10.0,330000.0,Matale,Matale City,1,1
10.0,1000000.0,Gampaha,Gampaha City,0,0
18.0,230000.0,Gampaha,Nittambuwa,0,0
32.0,220000.0,Gampaha,Nittambuwa,0,0
10.0,2650000.0,Kalutara,Kalutara City,0,0
20.0,4300000.0,Colombo,Nawala,1,0
10.0,1290000.0,Colombo,Pannipitiya,0,0
40.0,2000000.0,Colombo,Maharagama,0,0
15.0,1700000.0,Kalutara,Panadura,0,0
12.5,155000.0,Polonnaruwa,Polonnaruwa City,0,0
15.0,247500.0,Polonnaruwa,Polonnaruwa City,0,0
16.3,265000.0,Ratnapura,Ratnapura City,0,0
48.0,450000.0,Gampaha,Gampaha City,0,0
6.3,2400000.0,Colombo,Talawatugoda,0,0
15.0,300000.0,Colombo,Colombo 1,0,0
10.0,820000.0,Gampaha,Gampaha City,0,0
45.0,250000.0,Jaffna,Jaffna City,0,0
220.0,790000.0,Gampaha,Katunayake,1,0
6.5,680000.0,Colombo,Meegoda,0,0
6.0,680000.0,Colombo,Meegoda,0,0
10.0,1900000.0,Colombo,Malabe,1,1
12.5,865000.0,Kurunegala,Kurunegala City,0,0
12.5,26500000.0,Colombo,Athurugiriya,0,0
7.0,985714.29,Kandy,Gampola,0,0
100.0,555000.0,Colombo,Homagama,1,1
7.0,1100000.0,Colombo,Homagama,0,0
8.5,1700000.0,Gampaha,Kadawatha,0,0
6.0,183333.33,Gampaha,Nittambuwa,0,0
120.0,100000.0,Badulla,Haputale,0,0
100.0,1250000.0,Colombo,Piliyandala,0,0
140.0,500000.0,Matale,Dambulla,1,0
12.5,155000.0,Colombo,Piliyandala,0,0
9.8,1290000.0,Colombo,Moratuwa,0,0
17.0,382352.94,Kalutara,Talagala,0,0
91.0,714285.71,Kalutara,Panadura,0,0
13.0,8000000.0,Colombo,Dehiwala,1,1
12.5,4000000.0,Colombo,Mount Lavinia,0,0
20.0,2250000.0,Jaffna,Jaffna City,0,0
10.5,6200000.0,Colombo,Colombo 5,0,0
320.0,50000.0,Kurunegala,Kurunegala City,0,1
480.0,41666.67,Galle,Galle City,0,0
16.4,3900000.0,Colombo,Talawatugoda,0,0
8.5,3500000.0,Colombo,Rajagiriya,0,0
8.0,1500000.0,Kurunegala,Kurunegala City,1,1
12.5,450000.0,Matara,Matara City,0,0
10.0,187500.0,Colombo,Kottawa,0,0
24.0,12000000.0,Colombo,Colombo 6,0,0
7.0,1950000.0,Gampaha,Wattala,1,1
7.0,1950000.0,Gampaha,Kiribathgoda,1,1
28.0,1900000.0,Colombo,Battaramulla,0,0
10.0,1500000.0,Colombo,Kottawa,0,0
10.0,1250000.0,Colombo,Talawatugoda,0,0
6.4,2100000.0,Colombo,Kottawa,0,0
9.85,1275000.0,Colombo,Pannipitiya,0,0
26.0,3500000.0,Colombo,Dehiwala,0,0
6.0,545000.0,Gampaha,Kadawatha,0,0
6.0,1495000.0,Colombo,Maharagama,0,0
20.0,350000.0,Galle,Elpitiya,1,1
8.5,735294.12,Colombo,Rajagiriya,0,0
200.0,42500.0,Monaragala,Kataragama,0,0
28.0,5200000.0,Colombo,Mount Lavinia,0,0
13.0,207692.31,Gampaha,Mirigama,0,0
10.0,700000.0,Kalutara,Panadura,0,0
12.0,350000.0,Gampaha,Ja-Ela,0,0
48.0,416666.67,Nuwara Eliya,Ginigathhena,0,0
12.5,390000.0,Gampaha,Ja-Ela,1,0
13.0,250000.0,Kalutara,Alutgama,0,0
9.8,1290000.0,Colombo,Malabe,0,0
10.0,297500.0,Colombo,Colombo 3,0,0
78.0,225000.0,Monaragala,Wellawaya,0,0
24.0,7800000.0,Colombo,Dehiwala,0,0
9.25,3600000.0,Colombo,Dehiwala,0,0
80.0,550000.0,Colombo,Athurugiriya,0,0
12.9,900000.0,Colombo,Piliyandala,0,0
16.0,1000000.0,Nuwara Eliya,Nuwara Eliya City,0,0
3200.0,45625.0,Puttalam,Puttalam City,1,1
18.0,3500000.0,Colombo,Battaramulla,0,0
30.0,900000.0,Gampaha,Kadawatha,0,0
19.0,15000000.0,Colombo,Colombo 10,0,0
16.0,1843750.0,Puttalam,Marawila,0,0
17.8,3750000.0,Colombo,Rajagiriya,0,0
45.0,4000000.0,Gampaha,Kiribathgoda,0,0
25.0,90000.0,Kalutara,Horana,0,0
19.5,2900000.0,Colombo,Maharagama,0,0
13.0,320000.0,Colombo,Padukka,0,0
58.0,3200000.0,Matara,Weligama,0,0
7.5,875000.0,Colombo,Kaduwela,0,0
10.0,1000000.0,Gampaha,Kadawatha,0,0
22.0,1500000.0,Colombo,Talawatugoda,0,0
11.5,1800000.0,Colombo,Malabe,0,0
12.25,2200000.0,Gampaha,Kadawatha,0,0
9.0,4500000.0,Colombo,Dehiwala,0,0
60.0,875000.0,Gampaha,Biyagama,0,0
23.0,4000000.0,Colombo,Boralesgamuwa,0,0
9.0,3500000.0,Colombo,Battaramulla,0,0
148.0,170000.0,Kalutara,Bandaragama,0,0
10.0,475000.0,Colombo,Nugegoda,0,0
25.0,1600000.0,Kandy,Kundasale,0,0
19.2,3600000.0,Colombo,Rajagiriya,0,0
39.0,2850000.0,Gampaha,Kiribathgoda,0,0
22.0,900000.0,Gampaha,Negombo,1,1
240.0,29166.67,Ratnapura,Ratnapura City,0,0
20.08,2400000.0,Colombo,Talawatugoda,0,0
20.0,1100000.0,Gampaha,Kadawatha,0,0
8.0,250000.0,Colombo,Nugegoda,0,0
9.8,132142.86,Colombo,Piliyandala,0,0
9.8,1295000.0,Colombo,Piliyandala,0,0
160.0,150000.0,Matara,Akuressa,1,1
10.0,885000.0,Gampaha,Kadawatha,0,0
34.0,350000.0,Colombo,Meegoda,1,1
6.5,1175000.0,Colombo,Kottawa,0,0
20.0,500000.0,Gampaha,Nittambuwa,1,1
16.0,480000.0,Gampaha,Ganemulla,1,1
12.8,137500.0,Kegalle,Rambukkana,0,0
10.0,1650000.0,Colombo,Angoda,1,1
8.0,1400000.0,Colombo,Malabe,0,0
180.0,600000.0,Kalutara,Bandaragama,1,1
10.0,248500.0,Colombo,Rajagiriya,0,0
10.0,120000.0,Galle,Bentota,0,0
10.0,187500.0,Colombo,Ranala,0,0
11.3,1575000.0,Gampaha,Kadawatha,0,0
8.6,5750000.0,Colombo,Kotte,1,1
12.5,265500.0,Kurunegala,Kurunegala City,0,0
15.0,152500.0,Kurunegala,Alawwa,0,0
6.5,645000.0,Colombo,Homagama,0,0
56.0,562500.0,Kalutara,Panadura,0,0
10.0,580000.0,Matara,Kekanadurra,0,0
40.0,5000000.0,Colombo,Battaramulla,1,1
15.0,247500.0,Colombo,Polgasowita,0,0
6.5,1225000.0,Colombo,Kottawa,1,1
16.0,680000.0,Nuwara Eliya,Nuwara Eliya City,0,0
32.0,9000000.0,Colombo,Colombo 6,0,0
20.0,350000.0,Gampaha,Kadawatha,0,0
10.0,575000.0,Colombo,Kottawa,0,0
16.0,3250000.0,Colombo,Nugegoda,0,0
20.0,125000.0,Kandy,Galaha,0,0
23.0,150000.0,Nuwara Eliya,Hatton,0,0
11.0,4300000.0,Colombo,Kohuwala,0,0
16.4,4490000.0,Colombo,Boralesgamuwa,0,0
13.0,115000.0,Kalutara,Horana,0,0
12.2,13524590.16,Colombo,Nawala,0,0
32.0,593750.0,Colombo,Hanwella,0,1
13.0,4500000.0,Colombo,Talawatugoda,0,0
6.0,3500000.0,Colombo,Rajagiriya,0,0
50.0,4000000.0,Colombo,Rajagiriya,1,0
9.25,2850000.0,Colombo,Kotte,0,0
6.0,3833333.33,Colombo,Rajagiriya,0,0
7.95,3500000.0,Colombo,Battaramulla,0,0
25.0,4000000.0,Colombo,Wellampitiya,0,0
100.0,2500000.0,Colombo,Piliyandala,0,0
12.0,185000.0,Kandy,Pussellawa,0,0
36.6,400000.0,Colombo,Homagama,0,1
7.0,1100000.0,Colombo,Kesbewa,0,0
20.0,2600000.0,Colombo,Kottawa,0,0
15.0,360000.0,Gampaha,Gampaha City,0,0
20.0,3750000.0,Colombo,Maharagama,0,0
6.8,3500000.0,Colombo,Rajagiriya,0,0
14.2,40000000.0,Colombo,Nugegoda,0,0
11.5,2000000.0,Colombo,Battaramulla,0,0
50.0,175000.0,Kandy,Pussellawa,0,0
9.4,620000.0,Colombo,Homagama,0,0
184.0,217391.3,Kandy,Katugastota,0,0
14.0,15000000.0,Colombo,Colombo 5,0,0
12.0,165000.0,Kalutara,Horana,0,0
11.0,650000.0,Gampaha,Kadawatha,0,0
12.5,215000.0,Kandy,Gampola,0,0
10.0,735000.0,Kalutara,Horana,0,0
8.0,375000.0,Colombo,Meegoda,0,0
10.0,1200000.0,Colombo,Malabe,0,0
8.0,1600000.0,Colombo,Piliyandala,0,0
10.0,187500.0,Kandy,Akurana,0,0
9.9,1700000.0,Colombo,Boralesgamuwa,0,0
18.5,3900000.0,Colombo,Rajagiriya,0,0
8.25,1350000.0,Colombo,Kottawa,0,0
45.0,315000.0,Gampaha,Gampaha City,1,1
6.0,2850000.0,Colombo,Malabe,0,0
92.0,1100000.0,Colombo,Moratuwa,0,0
10.0,695000.0,Kalutara,Horana,0,0
10.0,350000.0,Matara,Kekanadurra,0,0
6.5,850000.0,Colombo,Piliyandala,0,0
7.0,4750000.0,Colombo,Mount Lavinia,0,0
7.5,1850000.0,Colombo,Battaramulla,0,1
9.25,1729729.73,Colombo,Wellampitiya,0,0
6.5,795000.0,Colombo,Kesbewa,0,0
6.5,1225000.0,Colombo,Polgasowita,0,0
11.5,400000.0,Gampaha,Kadawatha,0,0
6.5,885000.0,Colombo,Kesbewa,0,0
9.5,7500000.0,Colombo,Dehiwala,0,0
7.0,885000.0,Colombo,Piliyandala,0,0
35.7,4700000.0,Colombo,Dehiwala,0,0
171.0,2500000.0,Gampaha,Kandana,0,0
90.0,722222.22,Kalutara,Horana,0,0
8.8,700000.0,Gampaha,Ja-Ela,0,0
10.0,900000.0,Kalutara,Panadura,0,0
425.0,275000.0,Kalutara,Wadduwa,1,1
10.0,900000.0,Colombo,Moratuwa,0,0
9.0,1000000.0,Gampaha,Ja-Ela,0,0
7.0,310000.0,Gampaha,Minuwangoda,0,0
12.5,395000.0,Gampaha,Ja-Ela,1,0
15.5,2500000.0,Gampaha,Kiribathgoda,0,0
144.0,375000.0,Gampaha,Katunayake,0,0
11.5,4800000.0,Colombo,Mount Lavinia,0,0
9.35,1500000.0,Colombo,Piliyandala,1,0
8.0,2400000.0,Colombo,Kottawa,0,0
10.0,210000.0,Kalutara,Kalutara City,0,0
7.0,864000.0,Colombo,Homagama,0,0
11.0,400000.0,Matara,Akuressa,0,0
51.0,3500000.0,Gampaha,Wattala,0,0
7.0,1057500.0,Colombo,Homagama,0,0
15.0,500000.0,Gampaha,Nittambuwa,0,0
20.0,1250000.0,Gampaha,Gampaha City,1,1
7.8,675000.0,Kalutara,Panadura,1,1
10.0,267500.0,Colombo,Maharagama,0,0
25.0,195000.0,Gampaha,Gampaha City,0,0
23.0,5300000.0,Colombo,Dehiwala,0,0
12.5,155000.0,Kalutara,Kalutara City,0,0
30.0,1000000.0,Gampaha,Gampaha City,1,1
9.6,1550000.0,Colombo,Pannipitiya,0,0
17.0,1200000.0,Gampaha,Kadawatha,1,1
10.8,1290000.0,Colombo,Kottawa,0,0
24.0,140000.0,Matale,Palapathwela,0,0
86.0,1200000.0,Gampaha,Ja-Ela,0,0
21.0,12500000.0,Colombo,Rajagiriya,1,1
17.5,2000000.0,Colombo,Battaramulla,1,1
7.0,357142.86,Gampaha,Ganemulla,0,0
20.0,1900000.0,Colombo,Malabe,0,0
7.75,374193.55,Colombo,Embulgama,0,0
22.0,1700000.0,Colombo,Pannipitiya,1,1
6.5,1425000.0,Colombo,Piliyandala,0,0
12.0,587500.0,Matale,Matale City,0,0
10.0,187500.0,Kalutara,Kalutara City,0,0
15.0,247500.0,Kalutara,Kalutara City,0,0
9.8,1290000.0,Colombo,Talawatugoda,0,0
11.5,400000.0,Hambantota,Beliatta,1,0
36.5,5000000.0,Colombo,Maharagama,0,0
15.0,650000.0,Matara,Kamburugamuwa,0,0
13.0,150000.0,Kalutara,Horana,0,0
7.0,645000.0,Colombo,Homagama,1,1
10.0,3500000.0,Matara,Matara City,0,0
10.0,235000.0,Kurunegala,Wariyapola,0,0
12.5,2500000.0,Colombo,Maharagama,0,0
40.0,100000.0,Trincomalee,Trincomalee City,0,0
23.0,5200000.0,Colombo,Dehiwala,0,0
7.0,407142.86,Colombo,Boralesgamuwa,1,1
15.0,110000.0,Kurunegala,Kurunegala City,0,0
40.0,100000.0,Trincomalee,Kinniya,0,0
19.02,10500000.0,Colombo,Nawala,0,0
6.0,26.67,Colombo,Battaramulla,0,0
15.0,1500000.0,Kegalle,Mawanella,0,0
23.0,1050000.0,Gampaha,Kadawatha,0,1
7.2,700000.0,Kalutara,Panadura,1,1
12.7,315000.0,Gampaha,Veyangoda,0,0
6.4,800000.0,Kalutara,Panadura,1,1
14.0,4500000.0,Colombo,Battaramulla,0,0
43.0,3500000.0,Gampaha,Ja-Ela,0,0
70.0,1071428.57,Gampaha,Kandana,1,1
29.0,165000.0,Kalutara,Horana,0,0
10.0,885000.0,Gampaha,Gampaha City,0,0
6.2,800000.0,Kalutara,Panadura,1,1
12.0,885000.0,Gampaha,Kadawatha,0,0
15.0,566666.67,Kalutara,Panadura,1,1
7.5,1700000.0,Galle,Galle City,0,0
12.5,215000.0,Gampaha,Divulapitiya,0,0
80.0,800000.0,Kegalle,Warakapola,1,1
6.5,1800000.0,Colombo,Pannipitiya,1,1
7.3,1900000.0,Colombo,Pannipitiya,1,1
6.0,1850000.0,Colombo,Pannipitiya,1,1
10.5,219047.62,Kegalle,Mawanella,0,0
6.2,1800000.0,Colombo,Pannipitiya,1,1
8.0,3125000.0,Matara,Matara City,0,0
6.0,610000.0,Colombo,Meegoda,0,0
6.0,1800000.0,Colombo,Pannipitiya,1,1
15.0,247500.0,Colombo,Olaboduwa,0,0
10.0,187500.0,Colombo,Pannipitiya,0,0
7.5,1900000.0,Colombo,Pannipitiya,1,1
10.0,248500.0,Colombo,Padukka,0,0
50.0,5000000.0,Colombo,Mount Lavinia,0,0
13.0,11538.46,Kalutara,Horana,0,0
8.0,1250000.0,Colombo,Moratuwa,0,0
187.0,1000000.0,Colombo,Piliyandala,0,0
40.0,300000.0,Batticaloa,Batticaloa City,0,0
8.6,184883.72,Colombo,Talawatugoda,1,1
6.25,950000.0,Colombo,Piliyandala,0,0
7.8,1275000.0,Colombo,Malabe,0,0
10.0,1500000.0,Colombo,Malabe,0,0
12.0,345000.0,Colombo,Homagama,0,0
10.0,1350000.0,Ratnapura,Eheliyagoda,0,0
11.0,1275000.0,Colombo,Talawatugoda,0,0
12.5,200000.0,Gampaha,Kadawatha,0,0
25.0,3500000.0,Colombo,Mount Lavinia,0,0
10.0,1500000.0,Colombo,Talawatugoda,0,0
60.75,1500000.0,Gampaha,Kelaniya,0,0
10.0,248500.0,Colombo,Nugegoda,0,0
7.5,4000000.0,Colombo,Dehiwala,0,0
12.5,200000.0,Colombo,Kesbewa,0,0
25.0,1800000.0,Jaffna,Jaffna City,0,0
20.0,110000.0,Anuradhapura,Anuradhapura City,0,0
10.0,2950000.0,Colombo,Talawatugoda,0,0
10.0,1100000.0,Colombo,Kesbewa,0,0
13.0,1500000.0,Colombo,Talawatugoda,0,0
20.0,3250000.0,Colombo,Rajagiriya,1,0
8000.0,8125.0,Jaffna,Jaffna City,0,0
7.0,225000.0,Matale,Matale City,0,0
13.5,200000.0,Gampaha,Kadawatha,0,0
20.0,10000000.0,Colombo,Rajagiriya,0,0
7.2,7916666.67,Colombo,Dehiwala,1,0
11.6,14000000.0,Colombo,Colombo 6,0,0
327.0,650000.0,Trincomalee,Trincomalee City,1,1
10.0,187500.0,Matale,Matale City,0,0
7.0,8000000.0,Colombo,Dehiwala,0,0
22.0,172727.27,Colombo,Godagama,0,0
8.0,375000.0,Matara,Kekanadurra,0,0
32.0,2968750.0,Gampaha,Kelaniya,0,1
15.0,247500.0,Matara,Matara City,0,0
35.48,875000.0,Colombo,Homagama,0,0
370.0,100000.0,Jaffna,Jaffna City,0,0
12.5,265500.0,Puttalam,Puttalam City,0,0
8.4,1525000.0,Colombo,Boralesgamuwa,0,0
8.0,500000.0,Colombo,Homagama,0,0
10.85,1295000.0,Colombo,Talawatugoda,0,0
17.0,775000.0,Colombo,Kottawa,0,0
10.5,489523.81,Gampaha,Divulapitiya,0,0
24.0,1300000.0,Gampaha,Ja-Ela,0,1
7.0,1300000.0,Gampaha,Wattala,0,1
6.0,975000.0,Colombo,Pannipitiya,0,0
31.25,25000000.0,Colombo,Colombo 7,0,0
12.75,5254901.96,Colombo,Dehiwala,0,1
101.3,562685.09,Colombo,Avissawella,0,0
1360.0,53125.0,Puttalam,Puttalam City,0,0
25.0,9000000.0,Colombo,Nawala,0,0
20.0,23000000.0,Colombo,Colombo 4,0,0
17.8,550000.0,Gampaha,Kadawatha,0,0
101.0,564356.44,Colombo,Avissawella,0,0
600.0,41666.67,Galle,Galle City,0,1
12.75,5254901.96,Colombo,Dehiwala,0,0
30.0,2100000.0,Kurunegala,Alawwa,0,0
190.0,150000.0,Kurunegala,Wariyapola,0,0
16.5,206060.61,Kurunegala,Narammala,0,0
480.0,78125.0,Kalutara,Horana,0,0
9.65,975000.0,Colombo,Athurugiriya,0,0
8.35,7000000.0,Colombo,Colombo 7,0,0
15.0,1700000.0,Gampaha,Kelaniya,1,1
10.0,650000.0,Gampaha,Ja-Ela,0,0
46.5,1200000.0,Colombo,Talawatugoda,0,0
9.75,2800000.0,Colombo,Boralesgamuwa,0,0
7.0,410000.0,Colombo,Meegoda,0,0
10.0,850000.0,Kalutara,Kalutara City,1,1
12.0,2300000.0,Colombo,Boralesgamuwa,0,0
10.0,248500.0,Colombo,Nawagamuwa,0,0
7.75,1000000.0,Colombo,Meegoda,0,0
8.5,2400000.0,Colombo,Talawatugoda,0,0
51.9,2500000.0,Gampaha,Negombo,0,0
6.45,449612.4,Colombo,Battaramulla,0,0
10.0,850000.0,Kalutara,Horana,1,1
6.0,1090000.0,Colombo,Athurugiriya,1,1
40.0,115000.0,Kurunegala,Kurunegala City,0,0
154.0,155844.16,Anuradhapura,Anuradhapura City,0,1
15.0,600000.0,Kalutara,Wadduwa,0,0
10.0,267500.0,Gampaha,Kadawatha,0,0
8.0,730000.0,Colombo,Homagama,0,0
71.0,985915.49,Puttalam,Chilaw,0,0
12.0,1500000.0,Colombo,Malabe,0,0
10.0,850000.0,Kalutara,Panadura,1,1
12.5,215000.0,Ampara,Ampara City,0,0
12.5,215000.0,Galle,Galle City,0,0
6.4,875000.0,Gampaha,Ragama,0,0
10.0,475000.0,Gampaha,Divulapitiya,0,0
7.0,750000.0,Kalutara,Panadura,1,1
10.0,2900000.0,Colombo,Talawatugoda,0,0
34.0,285000.0,Galle,Galle City,1,1
12.5,215000.0,Colombo,Colombo 1,0,0
15.0,245000.0,Colombo,Nugegoda,0,0
11.5,1408695.65,Colombo,Moratuwa,0,0
20.0,5500000.0,Colombo,Battaramulla,0,0
6.7,950000.0,Kalutara,Panadura,1,1
6.0,1300000.0,Colombo,Athurugiriya,0,0
6.15,2601626.02,Colombo,Kolonnawa,0,0
53.1,1850000.0,Colombo,Malabe,1,1
8.2,264634.15,Hambantota,Beliatta,0,0
6.8,1617647.06,Colombo,Wellampitiya,0,0
6.5,795000.0,Colombo,Polgasowita,0,0
782.0,1000000.0,Galle,Hikkaduwa,0,0
10.0,625000.0,Kalutara,Horana,0,0
39.0,7500000.0,Colombo,Dehiwala,0,0
11.0,3700000.0,Colombo,Rajagiriya,0,0
10.0,297500.0,Gampaha,Minuwangoda,0,0
9.0,2900000.0,Colombo,Kolonnawa,0,0
10.0,310000.0,Anuradhapura,Anuradhapura City,0,0
12.0,2850000.0,Colombo,Battaramulla,0,0
10.0,490000.0,Kurunegala,Narammala,0,0
30.0,206666.67,Kalutara,Matugama,0,0
227.0,250000.0,Galle,Ahungalla,0,0
9.0,1400000.0,Colombo,Boralesgamuwa,0,0
40.0,250000.0,Gampaha,Kirindiwela,0,0
12.5,295000.0,Gampaha,Nittambuwa,0,0
35.0,3000000.0,Colombo,Boralesgamuwa,0,0
12.5,1695000.0,Colombo,Athurugiriya,0,0
9.45,855000.0,Gampaha,Kadawatha,0,0
6.0,895000.0,Colombo,Kottawa,0,0
6.0,1250000.0,Gampaha,Gampaha City,0,0
480.0,137500.0,Matale,Matale City,0,0
20.0,3700000.0,Colombo,Nugegoda,0,0
10.0,250000.0,Batticaloa,Batticaloa City,1,1
10.0,248500.0,Ampara,Akkarepattu,0,0
20.0,1200000.0,Gampaha,Kadawatha,0,0
21.0,2666666.67,Colombo,Wellampitiya,0,0
27.0,1100000.0,Gampaha,Gampaha City,0,0
10.0,297500.0,Gampaha,Kelaniya,0,0
8.0,352000.0,Kalutara,Kalutara City,0,0
8.0,1800000.0,Colombo,Battaramulla,0,0
7.0,207500.0,Gampaha,Wattala,0,0
14.0,1400000.0,Gampaha,Gampaha City,0,0
24.0,350000.0,Gampaha,Kadawatha,0,0
34.0,485294.12,Colombo,Ranala,0,0
8.4,1590000.0,Colombo,Talawatugoda,1,1
16.6,220000.0,Gampaha,Veyangoda,0,0
6.0,950000.0,Colombo,Polgasowita,0,0
13.5,1090000.0,Colombo,Athurugiriya,0,0
6.0,3300000.0,Colombo,Mount Lavinia,0,0
62.0,75000.0,Hambantota,Beliatta,0,0
25.99,384763.37,Galle,Batapola,0,0
7.0,2075000.0,Gampaha,Wattala,1,1
40.0,245000.0,Nuwara Eliya,Nuwara Eliya City,1,1
117.0,300000.0,Kalutara,Horana,0,0
11.0,1375000.0,Colombo,Talawatugoda,0,0
8.8,1175000.0,Colombo,Boralesgamuwa,0,0
105.0,110000.0,Kegalle,Warakapola,0,0
12.4,3000000.0,Colombo,Talawatugoda,0,0
192.0,95000.0,Gampaha,Kalagedihena,0,0
10.0,1250000.0,Colombo,Athurugiriya,0,0
20.0,425000.0,Gampaha,Kadawatha,0,0
9.0,2600000.0,Colombo,Boralesgamuwa,0,0
15.0,170000.0,Kurunegala,Narammala,0,0
10.0,1250000.0,Gampaha,Nittambuwa,0,0
11.0,3818181.82,Colombo,Dehiwala,1,0
7.4,1225000.0,Colombo,Moratuwa,0,0
6.5,4384615.38,Anuradhapura,Anuradhapura City,0,0
10.0,320000.0,Colombo,Hanwella,0,0
7.1,2140845.07,Colombo,Moratuwa,0,0
17.7,2000000.0,Colombo,Pannipitiya,0,0
11.8,3800000.0,Colombo,Dehiwala,1,1
7.0,1125000.0,Colombo,Kottawa,0,0
8.9,1500000.0,Colombo,Piliyandala,0,0
53.5,2100000.0,Colombo,Malabe,0,0
9.0,2000000.0,Colombo,Boralesgamuwa,0,0
7.0,1090000.0,Colombo,Athurugiriya,0,0
20.0,4500000.0,Colombo,Kotte,0,0
18.75,6000000.0,Colombo,Nawala,0,0
9.65,1200000.0,Colombo,Malabe,0,0
25.25,1300000.0,Colombo,Piliyandala,0,0
1120.0,300000.0,Kalutara,Ingiriya,0,0
20.0,3900000.0,Colombo,Kotte,0,0
16.2,3000000.0,Colombo,Boralesgamuwa,0,0
20.0,4500000.0,Colombo,Nawala,0,0
10.0,960000.0,Kalutara,Panadura,0,0
10.0,1560000.0,Colombo,Malabe,0,0
16.0,1450000.0,Colombo,Pannipitiya,0,0
15.0,247500.0,Colombo,Mount Lavinia,0,0
7.0,1575000.0,Kalutara,Panadura,0,0
40.0,130000.0,Kalutara,Bandaragama,0,0
20.0,520000.0,Gampaha,Katunayake,0,0
30.0,1200000.0,Gampaha,Kiribathgoda,0,0
14.0,3000000.0,Colombo,Battaramulla,0,0
6.03,3000000.0,Colombo,Boralesgamuwa,0,0
19.0,2500000.0,Colombo,Pannipitiya,0,0
9.0,615000.0,Colombo,Homagama,0,0
7.0,6.43,Colombo,Homagama,0,0
10.0,55000.0,Colombo,Kesbewa,0,0
9.4,314893.62,Matara,Kekanadurra,0,0
25.0,260000.0,Matale,Matale City,0,0
129.0,290000.0,Gampaha,Kirindiwela,0,0
15.0,570000.0,Gampaha,Veyangoda,0,0
25.0,1100000.0,Kandy,Digana,0,0
10.5,950000.0,Gampaha,Seeduwa,0,0
6.0,1500000.0,United Arab Emirates,Dubai,0,0
80.0,2500000.0,Colombo,Ratmalana,0,0
6.8,632352.94,Gampaha,Ragama,0,0
152.0,72368.42,Matara,Dikwella,0,0
15.0,590000.0,Kalutara,Horana,0,0
10.0,895000.0,Colombo,Kottawa,0,0
11.2,8000000.0,Colombo,Colombo 6,0,0
7.2,6000000.0,Colombo,Dehiwala,1,1
14.5,140000.0,Galle,Galle City,0,0
10.0,560000.0,Gampaha,Kalagedihena,0,0
9.0,1280000.0,Colombo,Malabe,1,1
7.0,2200000.0,Gampaha,Kadawatha,0,0
55.0,250000.0,Colombo,Padukka,1,1
7.5,990000.0,Gampaha,Gampaha City,0,0
10.0,1600000.0,Colombo,Malabe,0,0
10.0,97500.0,Colombo,Moratuwa,0,0
12.5,200000.0,Gampaha,Divulapitiya,0,0
24.4,2500000.0,Colombo,Homagama,0,0
6.5,1950000.0,Gampaha,Wattala,1,1
8.0,2100000.0,Colombo,Kottawa,0,0
9.8,6850000.0,Colombo,Battaramulla,0,1
13.0,6500000.0,Colombo,Rajagiriya,0,0
6.5,1950000.0,Gampaha,Wattala,0,0
12.0,1666666.67,Gampaha,Negombo,0,0
7.0,1875000.0,Gampaha,Wattala,1,1
640.0,1500000.0,Colombo,Malabe,0,0
8.0,4000000.0,Colombo,Battaramulla,0,0
7.0,1925000.0,Gampaha,Wattala,1,1
55.0,537000.0,Gampaha,Gampaha City,0,0
9.85,1500000.0,Colombo,Dehiwala,0,0
13.0,6500000.0,Colombo,Nawala,0,0
250.0,75000.0,Hambantota,Ambalantota,0,0
20.0,1450000.0,Colombo,Kottawa,0,0
15.0,247500.0,Matale,Matale City,0,0
10.0,850000.0,Kalutara,Panadura,0,0
190.0,1100000.0,Colombo,Malabe,0,0
10.0,187500.0,Colombo,Nawala,0,0
13.0,303846.15,Colombo,Rajagiriya,1,1
25.0,135000.0,Kalutara,Horana,0,0
10.0,850000.0,Kalutara,Horana,0,0
10.0,265000.0,Kalutara,Horana,0,0
10.0,850000.0,Kalutara,Kalutara City,0,0
19.5,15000000.0,Colombo,Colombo 6,0,0
12.5,155000.0,Matale,Matale City,0,0
10.0,850000.0,Kalutara,Bandaragama,0,0
10.0,248500.0,Gampaha,Kirindiwela,0,0
73.0,3219178.08,Gampaha,Wattala,1,0
14.0,700000.0,Gampaha,Negombo,0,0
40.0,1250000.0,Gampaha,Nittambuwa,0,0
14.0,285000.0,Gampaha,Negombo,0,0
10.0,350000.0,Gampaha,Gampaha City,0,0
12.0,1250000.0,Gampaha,Gampaha City,0,0
12.5,155000.0,Puttalam,Puttalam City,0,0
9.0,1400000.0,Gampaha,Gampaha City,0,0
16.37,183262.06,Gampaha,Veyangoda,0,0
9.5,1450000.0,Gampaha,Kadawatha,0,0
15.7,85000.0,Kegalle,Warakapola,0,0
20.0,1500000.0,Gampaha,Kiribathgoda,0,0
22.15,1700000.0,Gampaha,Kiribathgoda,0,0
34.0,874999.0,Gampaha,Ragama,0,1
26.6,290000.0,Gampaha,Kalagedihena,0,0
25.0,96000.0,Gampaha,Mirigama,0,0
10.0,1300000.0,Gampaha,Kadawatha,0,0
7.0,420000.0,Colombo,Homagama,0,0
21.9,1300000.0,Gampaha,Kadawatha,0,0
18.4,125000.0,Gampaha,Gampaha City,0,0
13.0,16000000.0,Gampaha,Kadawatha,0,0
12.75,211764.71,Gampaha,Gampaha City,0,0
19.0,1000000.0,Colombo,Athurugiriya,0,0
9.7,1999999.0,Gampaha,Wattala,0,0
10.0,297500.0,Gampaha,Gampaha City,0,0
14.9,200000.0,Gampaha,Gampaha City,0,0
16.0,200000.0,Kandy,Kandy City,0,0
65.0,69230.77,Gampaha,Mirigama,0,0
11.0,1600000.0,Gampaha,Kadawatha,0,0
71.0,3239436.62,Gampaha,Wattala,0,0
17.9,25000000.0,Colombo,Moratuwa,0,0
25.8,145000.0,Gampaha,Gampaha City,0,0
17.6,825000.0,Gampaha,Kiribathgoda,0,0
145.0,4000000.0,Nuwara Eliya,Nuwara Eliya City,0,1
54.0,800000.0,Colombo,Moratuwa,0,1
20.3,1200000.0,Colombo,Piliyandala,1,1
15.0,400000.0,Gampaha,Negombo,0,0
18.35,1198910.08,Gampaha,Kelaniya,0,0
12.5,215000.0,Kegalle,Mawanella,0,0
12.5,215000.0,Kurunegala,Kuliyapitiya,0,0
14.1,1100000.0,Colombo,Piliyandala,1,1
6.82,2850000.0,Colombo,Maharagama,0,0
16.5,170000.0,Kegalle,Mawanella,0,0
15.0,90000.0,Kegalle,Warakapola,0,0
160.0,55000.0,Matale,Dambulla,0,0
25.0,275000.0,Monaragala,Buttala,0,0
14.0,1300000.0,Gampaha,Kadawatha,0,0
33.0,909090.91,Badulla,Bandarawela,1,1
12.0,3800000.0,Gampaha,Kiribathgoda,0,0
35.0,235000.0,Matale,Dambulla,0,0
160.0,218750.0,Matale,Dambulla,0,0
40.0,5500000.0,Matale,Dambulla,0,0
295.0,175000.0,Matale,Dambulla,0,0
2560.0,59375.0,Matale,Dambulla,0,0
33.0,595000.0,Gampaha,Negombo,0,0
58.0,450000.0,Kalutara,Kalutara City,0,0
160.0,150000.0,Matale,Dambulla,0,0
160.0,87000.0,Kurunegala,Galgamuwa,0,0
720.0,42187.5,Matale,Dambulla,0,0
6.0,5000000.0,Colombo,Battaramulla,0,0
199.0,87939.7,Matale,Dambulla,0,0
20.42,22037218.41,Colombo,Colombo 3,0,0
100.0,128000.0,Matale,Dambulla,0,0
800.0,42187.5,Matale,Dambulla,0,0
9.5,5000000.0,Colombo,Dehiwala,0,0
6.0,620000.0,Colombo,Homagama,0,0
6.0,616666.67,Colombo,Meegoda,0,0
720.0,34375.0,Matale,Dambulla,0,0
12.0,3000000.0,Colombo,Maharagama,0,1
13.2,225000.0,Nuwara Eliya,Nuwara Eliya City,0,0
2320.0,28125.0,Matale,Dambulla,0,0
6.0,1850000.0,Colombo,Maharagama,0,0
30.0,2600000.0,Colombo,Maharagama,0,0
320.0,46875.0,Matale,Dambulla,0,0
13.5,2450000.0,Colombo,Boralesgamuwa,0,0
160.0,71875.0,Matale,Dambulla,0,0
6.0,2700000.0,Colombo,Nugegoda,0,0
10.0,925000.0,Colombo,Athurugiriya,0,0
10.0,187500.0,Colombo,Moratuwa,0,0
60.0,800000.0,Gampaha,Kiribathgoda,0,0
480.0,275000.0,Colombo,Homagama,0,0
47.25,1100000.0,Hambantota,Tangalla,0,0
10.0,297500.0,Gampaha,Kalagedihena,0,0
30.0,350000.0,Kandy,Peradeniya,1,1
10.07,3100000.0,Colombo,Kotte,0,0
14.0,265000.0,Ratnapura,Ratnapura City,0,0
10.1,513000.0,Colombo,Kesbewa,0,0
45.0,280000.0,Batticaloa,Batticaloa City,0,0
4000.0,37500.0,Kurunegala,Kurunegala City,0,0
6.0,1225000.0,Gampaha,Gampaha City,1,1
40.0,3000000.0,Colombo,Kotte,0,0
12.5,2120000.0,Colombo,Athurugiriya,0,0
16.85,6000000.0,Colombo,Rajagiriya,0,0
13.0,2538461.54,Colombo,Dehiwala,0,0
10.0,2500000.0,Colombo,Talawatugoda,0,0
70.0,1000000.0,Galle,Hikkaduwa,1,1
30.0,360000.0,Kurunegala,Kurunegala City,0,0
42.0,165000.0,Kalutara,Horana,0,0
15.0,166666.67,Kurunegala,Wariyapola,0,0
15.0,355000.0,Kurunegala,Kuliyapitiya,0,0
4.8,18500000.0,Colombo,Colombo 5,0,0
20.0,15000000.0,Colombo,Colombo 5,0,0
21.0,3200000.0,Colombo,Battaramulla,0,0
14.0,15000000.0,Colombo,Colombo 3,0,0
13.25,2200000.0,Kandy,Katugastota,0,0
30.0,7500000.0,Colombo,Battaramulla,0,0
15.0,240000.0,Kurunegala,Ibbagamuwa,0,0
7.5,2800000.0,Colombo,Kotte,0,0
15.0,167500.0,Kurunegala,Bingiriya,0,0
12.4,4000000.0,Colombo,Athurugiriya,0,0
6.5,2800000.0,Colombo,Dehiwala,0,0
18.6,3300000.0,Colombo,Kotte,0,0
11.4,400000.0,Hambantota,Beliatta,0,0
30.0,3700000.0,Colombo,Mount Lavinia,0,0
19.0,3200000.0,Colombo,Nugegoda,0,0
8.38,17000000.0,Colombo,Colombo 3,0,0
10.0,1000000.0,Colombo,Kesbewa,0,0
7.0,1875000.0,Gampaha,Kiribathgoda,0,0
12.0,1525000.0,Kandy,Kandy City,0,0
7.2,2361111.11,Colombo,Ratmalana,0,0
10.0,425000.0,Matara,Kekanadurra,0,0
7.0,2075000.0,Gampaha,Kiribathgoda,1,1
8.2,262195.12,Hambantota,Beliatta,0,0
6.0,3300000.0,Colombo,Dehiwala,0,0
13.0,650000.0,Gampaha,Biyagama,0,0
40.0,1700000.0,Galle,Thangalla,0,0
42.6,1000000.0,Gampaha,Wattala,0,0
7.0,2025000.0,Gampaha,Kiribathgoda,0,0
7.0,710000.0,Colombo,Meegoda,0,0
19.4,2000000.0,Colombo,Battaramulla,0,0
2.5,390000.0,Gampaha,Ja-Ela,0,0
10.0,257500.0,Matale,Dambulla,0,0
7.0,1875000.0,Gampaha,Kiribathgoda,1,1
10.9,350000.0,Kandy,Kandy City,0,0
13.0,125000.0,Kalutara,Horana,0,0
17.5,2650000.0,Colombo,Dehiwala,0,0
20.7,2100000.0,Colombo,Maharagama,0,0
149.8,1400000.0,Kandy,Pilimatalawa,0,0
12.0,400000.0,Hambantota,Beliatta,1,1
8.0,1100000.0,Colombo,Homagama,0,0
10.5,825000.0,Colombo,Kottawa,0,0
10.0,47500.0,Matale,Matale City,0,0
9.0,620000.0,Colombo,Homagama,0,0
10.0,297508.0,Colombo,Piliyandala,0,0
11.0,27272.73,Matara,Kekanadurra,0,0
11.0,2600000.0,Colombo,Maharagama,0,0
40.0,2500000.0,Gampaha,Ja-Ela,0,0
10.75,260465.12,Colombo,Dehiwala,0,0
10.0,575000.0,Gampaha,Kalagedihena,0,0
13.6,198529.41,Gampaha,Mirigama,0,0
8.0,1057500.0,Colombo,Homagama,0,0
10.0,248500.0,Gampaha,Kandana,0,0
10.0,1990000.0,Colombo,Kesbewa,0,0
10.0,248500.0,Colombo,Meegoda,0,0
20.0,110000.0,Kandy,Kandy City,0,0
10.0,248500.0,Gampaha,Gampaha City,0,0
10.85,1295000.0,Colombo,Pannipitiya,0,0
6.0,1400000.0,Colombo,Talawatugoda,0,0
12.0,1120000.0,Colombo,Kottawa,0,0
8.3,2400000.0,Colombo,Dehiwala,0,0
8.5,220000.0,Matara,Dikwella,0,0
7.0,1300000.0,Colombo,Piliyandala,0,0
13.5,1350000.0,Colombo,Piliyandala,0,0
7.0,1014285.71,Gampaha,Kadawatha,0,0
50.0,6000000.0,Colombo,Dehiwala,0,0
15.0,4200000.0,Colombo,Battaramulla,0,0
7.5,1475000.0,Colombo,Kottawa,0,0
11.6,3700000.0,Colombo,Nugegoda,0,0
8.0,2050000.0,Colombo,Pannipitiya,0,0
26.45,2450000.0,Colombo,Ratmalana,0,0
13.5,6500000.0,Colombo,Nugegoda,1,1
15.0,6000000.0,Colombo,Nawala,0,0
19.5,3000000.0,Colombo,Nugegoda,0,0
10.48,6202290.08,Colombo,Dehiwala,1,1
8.6,3300000.0,Colombo,Nugegoda,0,0
14.0,4200000.0,Colombo,Battaramulla,0,0
40.0,3900000.0,Colombo,Colombo 9,0,0
100.0,2700000.0,Matara,Dikwella,0,0
20.0,4300000.0,Colombo,Nawala,0,0
25.0,4600000.0,Colombo,Nugegoda,0,1
18.0,4300000.0,Colombo,Dehiwala,0,0
7.5,4300000.0,Colombo,Rajagiriya,0,0
14.0,4000000.0,Colombo,Nugegoda,0,1
6.0,2500000.0,Colombo,Kotte,0,0
10.0,2200000.0,Colombo,Nugegoda,0,0
26.0,2850000.0,Colombo,Pannipitiya,0,0
19.0,1100000.0,Colombo,Kottawa,0,0
8.0,2550000.0,Colombo,Talawatugoda,0,0
4480.0,17857.14,Ratnapura,Eheliyagoda,1,1
52.0,11000000.0,Colombo,Colombo 5,0,0
265.0,3000000.0,Colombo,Battaramulla,0,0
20.5,8500000.0,Colombo,Nugegoda,0,0
12.7,1750000.0,Colombo,Malabe,0,1
19.0,5000000.0,Colombo,Nawala,0,0
6.0,1550000.0,Colombo,Malabe,0,0
54.99,3600000.0,Colombo,Mount Lavinia,0,0
22.55,16500000.0,Colombo,Colombo 4,0,0
14.0,2285714.29,Colombo,Nugegoda,0,0
8.6,3000000.0,Colombo,Nugegoda,0,0
8.5,3500000.0,Colombo,Kotte,0,0
10.0,4000000.0,Colombo,Kotte,0,0
7.0,975000.0,Colombo,Piliyandala,0,0
20.0,3800000.0,Colombo,Kotte,0,0
47.0,350000.0,Kalutara,Horana,0,0
16.0,1562500.0,Colombo,Moratuwa,0,0
160.0,28125.0,Monaragala,Buttala,0,0
16.0,3500000.0,Colombo,Battaramulla,0,0
44.0,2600000.0,Colombo,Rajagiriya,0,0
21.85,6000000.0,Colombo,Nugegoda,0,0
10.0,7750000.0,Colombo,Colombo 5,0,0
20.5,3500000.0,Colombo,Battaramulla,0,0
125.0,800000.0,Gampaha,Ganemulla,1,1
10.0,187500.0,Colombo,Athurugiriya,0,0
30.0,125000.0,Kandy,Peradeniya,0,0
15.0,247500.0,Colombo,Piliyandala,0,0
6.0,900000.0,Gampaha,Kadawatha,0,0
17.5,2500000.0,Colombo,Talawatugoda,0,0
6.5,1925000.0,Colombo,Kottawa,0,0
10.0,115000.0,Colombo,Athurugiriya,0,0
12.8,6000000.0,Colombo,Kotte,0,0
10.0,8500000.0,Colombo,Kottawa,0,0
188.0,950000.0,Gampaha,Ja-Ela,0,0
15.0,2300000.0,Colombo,Rajagiriya,0,0
9.55,1884816.75,Colombo,Pannipitiya,0,0
12.5,360000.0,Kandy,Kandy City,0,0
12.0,265000.0,Kalutara,Ingiriya,0,0
5.4,1600000.0,Gampaha,Wattala,1,1
22.5,1100000.0,Gampaha,Ragama,0,0
9.5,947368.42,Colombo,Kottawa,0,0
10.0,55500.0,Colombo,Kesbewa,0,0
10.0,485000.0,Colombo,Kesbewa,0,0
7.0,1100000.0,Gampaha,Kadawatha,0,0
10.0,329000.0,Gampaha,Veyangoda,0,0
12.5,190000.0,Gampaha,Gampaha City,0,0
7.0,495000.0,Colombo,Homagama,0,0
17.0,1500000.0,Colombo,Malabe,0,0
10.2,513000.0,Colombo,Kesbewa,0,0
10.0,329000.0,Gampaha,Nittambuwa,0,0
10.0,525000.0,Colombo,Kesbewa,0,0
10.1,570000.0,Colombo,Kesbewa,0,0
10.9,522935.78,Colombo,Kesbewa,0,0
7.0,550000.0,Gampaha,Kadawatha,0,0
12.5,215000.0,Colombo,Colombo 3,0,0
13.8,650000.0,Colombo,Piliyandala,0,0
7.0,2050000.0,Gampaha,Kiribathgoda,1,1
7.0,1950000.0,Gampaha,Kiribathgoda,0,0
7.0,1975000.0,Gampaha,Kiribathgoda,1,1
8.3,2000000.0,Colombo,Maharagama,0,0
1600.0,200000.0,Kandy,Digana,0,0
7.0,2025000.0,Gampaha,Wattala,1,1
13.5,3000000.0,Colombo,Battaramulla,0,0
7.0,2050000.0,Gampaha,Kiribathgoda,0,0
25.0,125000.0,Kurunegala,Polgahawela,0,0
6.5,592307.69,Gampaha,Kadawatha,0,0
25.0,930000.0,Colombo,Polgasowita,0,0
6.7,1800000.0,Colombo,Kottawa,1,1
6.3,575000.0,Gampaha,Kadawatha,0,0
24.35,4106776.18,Colombo,Battaramulla,0,0
6.5,555000.0,Gampaha,Kadawatha,0,0
15.0,5500000.0,Colombo,Battaramulla,0,0
58.0,250000.0,Puttalam,Dankotuwa,0,0
34.04,1250000.0,Monaragala,Kataragama,1,1
20.0,1500000.0,Colombo,Pannipitiya,0,0
7.3,1900000.0,Colombo,Kottawa,1,1
37.0,150000.0,Matara,Matara City,0,0
6.5,565000.0,Gampaha,Kadawatha,0,0
7.0,3700000.0,Gampaha,Kadawatha,0,0
9.0,5200000.0,Colombo,Kalubowila,0,0
10.0,1295000.0,Kalutara,Panadura,0,0
8.0,4400000.0,Kandy,Kandy City,0,0
72.0,10000000.0,Colombo,Colombo 10,0,0
6.0,675000.0,Colombo,Meegoda,0,0
20.0,7800000.0,Colombo,Colombo 5,1,1
6560.0,21875.0,Puttalam,Chilaw,0,1
25.0,2750000.0,Colombo,Kotte,0,0
10.5,990000.0,Colombo,Dehiwala,0,0
800.0,62500.0,Matale,Matale City,0,0
8.0,710000.0,Colombo,Meegoda,0,0
7.0,570000.0,Colombo,Homagama,0,0
9.8,1320000.0,Colombo,Talawatugoda,0,0
16.0,7000000.0,Colombo,Colombo 10,0,0
73.0,2500000.0,Nuwara Eliya,Nuwara Eliya City,0,0
13.3,12000000.0,Colombo,Rajagiriya,0,0
541.0,450000.0,Kalutara,Horana,0,0
76.0,2000000.0,Galle,Ambalangoda,0,0
6.5,635000.0,Kalutara,Panadura,1,1
41.0,700000.0,Colombo,Moratuwa,0,0
480.0,31250.0,Monaragala,Kataragama,0,0
16.0,650000.0,Gampaha,Gampaha City,0,0
10.0,187500.0,Kandy,Gampola,0,0
33.0,170000.0,Kalutara,Horana,1,1
15.0,260000.0,Jaffna,Jaffna City,0,0
7.0,4000000.0,Colombo,Dehiwala,0,0
25.8,140503.88,Gampaha,Gampaha City,0,0
10.0,995000.0,Colombo,Moratuwa,0,0
12.6,390000.0,Gampaha,Ja-Ela,0,0
7.4,1700000.0,Galle,Galle City,0,0
10.0,1335000.0,Colombo,Athurugiriya,0,0
10.5,2100000.0,Colombo,Boralesgamuwa,0,0
15.95,347500.0,Matara,Matara City,0,0
12.0,250000.0,Anuradhapura,Anuradhapura City,0,0
12.0,257500.0,Matale,Matale City,0,0
8.0,4125000.0,Colombo,Nugegoda,0,0
20.0,4200000.0,Colombo,Kotte,0,0
20.3,2250000.0,Colombo,Kesbewa,1,1
8.6,5750000.0,Colombo,Kotte,0,0
170.0,375000.0,Gampaha,Nittambuwa,0,0
10.0,2500000.0,Matara,Matara City,1,1
11.0,550000.0,Colombo,Homagama,0,0
15.5,4500000.0,Colombo,Nugegoda,0,0
17.0,4000000.0,Colombo,Nugegoda,0,0
10.0,1300000.0,Colombo,Malabe,1,1
17.0,2000000.0,Colombo,Talawatugoda,0,0
105.0,476190.48,Colombo,Polgasowita,0,0
160.0,59375.0,Ratnapura,Kahawatta,0,0
480.0,180000.0,Colombo,Padukka,1,1
7.9,1575000.0,Colombo,Piliyandala,0,0
11.7,950000.0,Gampaha,Kadawatha,0,0
10.0,675000.0,Colombo,Polgasowita,0,0
5.0,1400000.0,Colombo,Angoda,0,0
10.0,465000.0,Kalutara,Panadura,0,0
14.0,275000.0,Ratnapura,Ratnapura City,1,1
21.0,1250000.0,Colombo,Kottawa,1,1
24.0,1250000.0,Colombo,Kaduwela,0,0
16.0,460000.0,Gampaha,Gampaha City,0,0
15.0,320000.0,Kurunegala,Kurunegala City,0,0
8.0,1800000.0,Colombo,Malabe,1,1
13.2,550000.0,Kandy,Katugastota,0,0
10.5,590000.0,Colombo,Homagama,0,0
6.1,675000.0,Colombo,Kottawa,0,0
